START_DATE,END_DATE,CATEGORY,START,STOP,MILES,PURPOSE,Driver_Rating,Passenger_Rating,Ride_Distance_km,Ride_Duration_min,Surge_Pricing_Multiplier,Weather_Condition,Traffic_Level,Payment_Method,Promo_Code_Used,Cancellation_Status,Pickup_Area_Type,Drop_Area_Type,Vehicle_Type,Driver_Experience_Years,Customer_Support_Calls,Base_Fare,Cost_Per_Km,Estimated_Fare,Total_Fare,Fare_Per_Minute,Hour,Peak_Hour,Day_of_Week,Weekend_Ride,Long_Ride_Flag,High_Traffic_Flag,High_Rated_Driver,Discount_Amount,Final_Payable_Amount,
1/13/2016 15:28,1/13/2016 15:28,Business,Fort Pierce,Fort Pierce,5.1,Meal/Entertain,4.1,3.3,15.31,97,2.68,Clear,Low,Card,No,Cancelled by Driver,Suburban,Rural,Sedan,8,2,50,12,233.72,626.3696,2.409484536,21,No,Friday,No,Yes,No,No,0,626.3696,
1/13/2016 15:28,1/13/2016 15:28,Business,Fort Pierce,Fort Pierce,5,Meal/Entertain,4.9,4.8,21.37,50,1.25,Rainy,Medium,Card,Yes,Cancelled by Driver,Urban,Urban,Mini,1,2,50,12,306.44,383.05,6.1288,1,No,Saturday,Yes,Yes,No,Yes,30.644,352.406,
1/13/2016 15:28,1/13/2016 15:28,Business,Fort Pierce,Fort Pierce,4.8,Errand/Supplies,4.6,4.7,29.79,18,2.6,Rainy,Medium,Card,Yes,Completed,Urban,Rural,Sedan,13,0,50,12,407.48,1059.448,22.63777778,20,Yes,Saturday,Yes,Yes,No,Yes,40.748,1018.7,
1/13/2016 15:28,1/13/2016 15:28,Business,Fort Pierce,Fort Pierce,4.7,Meeting,4.4,3.1,4.81,54,2.73,Rainy,Low,Cash,No,Cancelled by Driver,Suburban,Rural,Mini,2,0,50,12,107.72,294.0756,1.994814815,17,Yes,Tuesday,No,No,No,No,0,294.0756,
1/13/2016 15:28,1/13/2016 15:28,Business,Fort Pierce,West Palm Beach,63.7,Customer Visit,3.7,4.7,8.97,24,1.3,Stormy,High,Wallet,Yes,Completed,Suburban,Urban,Mini,8,4,50,12,157.64,204.932,6.568333333,14,No,Wednesday,No,No,Yes,No,15.764,189.168,
1/13/2016 15:28,1/13/2016 15:28,Business,West Palm Beach,West Palm Beach,4.3,Meal/Entertain,3.7,3.3,12.44,54,2.7,Stormy,Low,Cash,Yes,Completed,Rural,Urban,SUV,12,0,50,12,199.28,538.056,3.69037037,17,Yes,Wednesday,No,No,No,No,19.928,518.128,
1/13/2016 15:28,1/13/2016 15:28,Business,West Palm Beach,Palm Beach,7.1,Meeting,3.6,3.7,13.23,116,2.98,Stormy,High,Cash,Yes,Completed,Rural,Urban,Sedan,6,1,50,12,208.76,622.1048,1.799655172,17,Yes,Wednesday,No,No,Yes,No,20.876,601.2288,
1/13/2016 15:28,1/13/2016 15:28,Business,Cary,Cary,0.8,Meeting,4.8,4.5,12.92,37,2.45,Stormy,Low,UPI,No,Cancelled by Driver,Suburban,Urban,SUV,12,1,50,12,205.04,502.348,5.541621622,13,No,Thursday,No,No,No,Yes,0,502.348,
1/13/2016 15:28,1/13/2016 15:28,Business,Cary,Morrisville,8.3,Meeting,4.4,3.3,27.32,63,2.57,Foggy,High,Card,Yes,Cancelled by Passenger,Rural,Urban,SUV,10,1,50,12,377.84,971.0488,5.997460317,8,Yes,Sunday,Yes,Yes,Yes,No,37.784,933.2648,
1/13/2016 15:28,1/13/2016 15:28,Business,Jamaica,New York,16.5,Customer Visit,4.6,4.6,21.71,47,2.99,Clear,Low,Wallet,Yes,Cancelled by Passenger,Suburban,Urban,SUV,2,1,50,12,310.52,928.4548,6.606808511,12,No,Sunday,Yes,Yes,No,Yes,31.052,897.4028,
1/13/2016 15:28,1/13/2016 15:28,Business,New York,Queens,10.8,Meeting,3.5,4.7,18.63,83,2.21,Stormy,High,UPI,Yes,Cancelled by Driver,Rural,Suburban,Mini,2,4,50,12,273.56,604.5676,3.295903614,15,No,Sunday,Yes,Yes,Yes,No,27.356,577.2116,
1/13/2016 15:28,1/13/2016 15:28,Business,Elmhurst,New York,7.5,Meeting,5,4,9.97,16,1.62,Foggy,High,Wallet,Yes,Cancelled by Passenger,Urban,Suburban,Sedan,11,1,50,12,169.64,274.8168,10.6025,18,Yes,Sunday,Yes,No,Yes,Yes,16.964,257.8528,
1/13/2016 15:28,1/13/2016 15:28,Business,Midtown,East Harlem,6.2,Meeting,4.7,3,24.89,44,2.68,Clear,High,Wallet,No,Completed,Rural,Suburban,Sedan,14,3,50,12,348.68,934.4624,7.924545455,19,Yes,Sunday,Yes,Yes,Yes,Yes,0,934.4624,
1/13/2016 15:28,1/13/2016 15:28,Business,East Harlem,NoMad,6.4,Temporary Site,3.8,3.6,28.7,24,2.23,Stormy,High,Card,No,Cancelled by Passenger,Urban,Suburban,SUV,7,3,50,12,394.4,879.512,16.43333333,8,Yes,Monday,No,Yes,Yes,No,0,879.512,
1/13/2016 15:28,1/13/2016 15:28,Business,Flatiron District,Midtown,1.6,Errand/Supplies,3.8,4.2,24.81,98,2.16,Clear,High,Cash,No,Cancelled by Driver,Urban,Rural,Mini,5,3,50,12,347.72,751.0752,3.548163265,11,No,Monday,No,Yes,Yes,No,0,751.0752,
1/13/2016 15:28,1/13/2016 15:28,Business,Midtown,Midtown East,1.7,Meal/Entertain,3.8,5,1.05,42,1.51,Stormy,Medium,Card,Yes,Cancelled by Passenger,Rural,Urban,Sedan,5,0,50,12,62.6,94.526,1.49047619,13,No,Monday,No,No,No,No,6.26,88.266,
1/13/2016 15:28,1/13/2016 15:28,Business,Midtown East,Midtown,1.9,Meal/Entertain,4,4.3,19.46,7,2.51,Foggy,High,Card,No,Completed,Suburban,Rural,Auto,8,2,50,12,283.52,711.6352,40.50285714,14,No,Monday,No,Yes,Yes,No,0,711.6352,
1/13/2016 15:28,1/13/2016 15:28,Business,Midtown,Hudson Square,1.9,Meal/Entertain,4.3,3.5,2.48,32,1.16,Rainy,Medium,UPI,Yes,Completed,Urban,Urban,Sedan,12,4,50,12,79.76,92.5216,2.4925,12,No,Tuesday,No,No,No,No,7.976,84.5456,
1/13/2016 15:28,1/13/2016 15:28,Business,Hudson Square,Lower Manhattan,4,Meal/Entertain,4.1,4.3,8.47,60,2.85,Rainy,High,Card,No,Cancelled by Driver,Urban,Urban,SUV,12,3,50,12,151.64,432.174,2.527333333,12,No,Tuesday,No,No,Yes,No,0,432.174,
1/13/2016 15:28,1/13/2016 15:28,Business,Lower Manhattan,Hudson Square,1.8,Errand/Supplies,3.9,4.1,2.73,94,1.65,Clear,Medium,Cash,Yes,Cancelled by Driver,Rural,Rural,Auto,7,3,50,12,82.76,136.554,0.880425532,14,No,Tuesday,No,No,No,No,8.276,128.278,
1/13/2016 15:28,1/13/2016 15:28,Business,Hudson Square,Hell's Kitchen,2.4,Customer Visit,4.4,4.6,18.51,98,1.26,Foggy,Medium,Wallet,No,Cancelled by Driver,Suburban,Suburban,Mini,12,1,50,12,272.12,342.8712,2.776734694,15,No,Tuesday,No,Yes,No,No,0,342.8712,
1/13/2016 15:28,1/13/2016 15:28,Business,Hell's Kitchen,Midtown,2,Errand/Supplies,3.7,3.2,20.91,17,1.88,Rainy,Low,Card,No,Completed,Suburban,Rural,Auto,14,3,50,12,300.92,565.7296,17.70117647,15,No,Tuesday,No,Yes,No,No,0,565.7296,
1/13/2016 15:28,01-12-2016 17:00,Business,New York,Queens County,15.1,Meeting,3.9,4.5,4.32,81,1.08,Stormy,High,Wallet,No,Cancelled by Passenger,Rural,Rural,Auto,9,1,50,12,101.84,109.9872,1.257283951,16,No,Tuesday,No,No,Yes,No,0,109.9872,
1/13/2016 15:28,1/13/2016 14:07,Business,Downtown,Gulfton,11.2,Meeting,4,4.1,12.13,70,2.37,Rainy,Low,Card,Yes,Cancelled by Passenger,Suburban,Urban,SUV,4,1,50,12,195.56,463.4772,2.793714286,18,No,Monday,No,No,No,No,19.556,443.9212,
1/13/2016 15:28,1/13/2016 15:28,Business,Gulfton,Downtown,11.8,Meeting,4.2,4.9,14.23,41,2.81,Clear,Low,Wallet,Yes,Cancelled by Driver,Rural,Urban,Sedan,10,2,50,12,220.76,620.3356,5.384390244,19,No,Monday,No,No,No,No,22.076,598.2596,
1/13/2016 15:28,1/14/2016 17:05,Business,Houston,Houston,21.9,Customer Visit,4.7,3.7,11.7,53,2.67,Clear,High,Card,Yes,Cancelled by Passenger,Rural,Urban,Mini,4,0,50,12,190.4,508.368,3.59245283,8,No,Monday,No,No,Yes,Yes,19.04,489.328,
1/13/2016 15:28,1/14/2016 21:45,Business,Eagan Park,Jamestown Court,3.9,Errand/Supplies,3.8,4.3,4.51,106,1.25,Foggy,Low,UPI,No,Cancelled by Passenger,Rural,Suburban,Auto,2,1,50,12,104.12,130.15,0.982264151,11,No,Monday,No,No,No,No,0,130.15,
1/13/2016 15:28,1/15/2016 1:01,Business,Morrisville,Cary,8,Errand/Supplies,4.3,4.9,13.15,70,1.25,Clear,High,Wallet,Yes,Cancelled by Driver,Urban,Rural,SUV,3,1,50,12,207.8,259.75,2.968571429,13,No,Monday,No,No,Yes,No,20.78,238.97,
1/13/2016 15:28,1/15/2016 12:03,Business,Cary,Durham,10.4,Meal/Entertain,4.4,3.2,22.78,40,2.63,Rainy,Low,Card,Yes,Cancelled by Driver,Urban,Rural,Sedan,1,2,50,12,323.36,850.4368,8.084,14,No,Monday,No,Yes,No,No,32.336,818.1008,
1/13/2016 15:28,1/15/2016 13:44,Business,Durham,Cary,10.4,Meal/Entertain,3.6,4.9,3.06,58,2.85,Rainy,High,Card,Yes,Completed,Urban,Suburban,Auto,1,1,50,12,86.72,247.152,1.495172414,12,No,Tuesday,No,No,Yes,No,8.672,238.48,
1/13/2016 15:28,1/18/2016 15:06,Business,Cary,Cary,4.8,Meal/Entertain,4.4,4.4,3.33,30,1.92,Rainy,High,UPI,Yes,Completed,Rural,Rural,SUV,7,4,50,12,89.96,172.7232,2.998666667,12,No,Tuesday,No,No,Yes,No,8.996,163.7272,
1/13/2016 15:28,1/18/2016 16:24,Business,Farmington Woods,Whitebridge,4.7,Meal/Entertain,3.8,3.1,11.29,79,2,Rainy,High,UPI,Yes,Completed,Urban,Rural,SUV,14,0,50,12,185.48,370.96,2.347848101,14,No,Tuesday,No,No,Yes,No,18.548,352.412,
1/13/2016 15:28,1/19/2016 9:23,Business,Whitebridge,Lake Wellingborough,7.2,Meal/Entertain,3.6,3.6,28.31,76,1.64,Foggy,Medium,UPI,Yes,Completed,Urban,Urban,SUV,14,4,50,12,389.72,639.1408,5.127894737,15,No,Thursday,No,Yes,No,No,38.972,600.1688,
1/13/2016 15:28,1/19/2016 11:09,Business,Lake Wellingborough,Whitebridge,7.6,Temporary Site,4.9,4.4,20.39,112,2.79,Stormy,Low,Wallet,No,Cancelled by Passenger,Urban,Suburban,Mini,5,3,50,12,294.68,822.1572,2.631071429,15,No,Thursday,No,Yes,No,Yes,0,822.1572,
1/13/2016 15:28,1/20/2016 11:11,Business,Cary,Raleigh,17.1,Meeting,4.9,3.1,20.68,44,2.29,Stormy,Medium,Wallet,No,Cancelled by Passenger,Rural,Urban,Sedan,3,0,50,12,298.16,682.7864,6.776363636,16,No,Thursday,No,Yes,No,Yes,0,682.7864,
1/13/2016 15:28,1/20/2016 12:19,Business,Fayetteville Street,Umstead,15.1,Meeting,4.7,4.2,11.5,47,1.58,Foggy,Low,UPI,Yes,Completed,Rural,Suburban,Auto,7,3,50,12,188,297.04,4,18,No,Thursday,No,No,No,Yes,18.8,278.24,
1/13/2016 15:28,1/20/2016 14:19,Business,Raleigh,Cary,40.2,Customer Visit,4,3.7,18.22,26,1.6,Clear,Low,Cash,No,Completed,Rural,Urban,Sedan,14,1,50,12,268.64,429.824,10.33230769,19,No,Thursday,No,Yes,No,No,0,429.824,
1/13/2016 15:28,1/21/2016 14:29,Business,Cary,Cary,1.6,Errand/Supplies,3.6,4.2,1.29,24,2.78,Stormy,Low,Cash,No,Cancelled by Driver,Urban,Rural,Sedan,2,2,50,12,65.48,182.0344,2.728333333,8,No,Thursday,No,No,No,No,0,182.0344,
1/13/2016 15:28,1/21/2016 14:51,Business,Cary,Cary,2.4,Meal/Entertain,4.5,3.1,19.45,12,1.03,Clear,Medium,Card,Yes,Cancelled by Passenger,Suburban,Suburban,Auto,3,4,50,12,283.4,291.902,23.61666667,11,No,Thursday,No,Yes,No,Yes,28.34,263.562,
1/13/2016 15:28,1/21/2016 16:06,Business,Cary,Cary,1,Meal/Entertain,4.2,4.7,27.49,33,1.65,Stormy,Low,Cash,Yes,Cancelled by Passenger,Urban,Suburban,Sedan,1,3,50,12,379.88,626.802,11.51151515,13,No,Friday,No,Yes,No,No,37.988,588.814,
1/13/2016 15:28,1/26/2016 10:50,Business,Whitebridge,Hazelwood,2,Meal/Entertain,3.7,4.9,18.76,44,2.11,Clear,Medium,Card,No,Completed,Urban,Urban,Mini,8,1,50,12,275.12,580.5032,6.252727273,14,No,Friday,No,Yes,No,No,0,580.5032,
1/13/2016 15:28,1/26/2016 12:41,Business,Hazelwood,Whitebridge,2.3,Errand/Supplies,4.2,4.9,26.34,94,1.3,Foggy,High,Wallet,Yes,Cancelled by Passenger,Rural,Suburban,Auto,2,4,50,12,366.08,475.904,3.894468085,12,No,Monday,No,Yes,Yes,No,36.608,439.296,
1/13/2016 15:28,1/26/2016 16:32,Business,Whitebridge,Westpark Place,1.9,Errand/Supplies,3.6,4.5,22,34,1.18,Rainy,Low,Wallet,No,Cancelled by Driver,Rural,Rural,Auto,7,4,50,12,314,370.52,9.235294118,12,No,Monday,No,Yes,No,No,0,370.52,
1/13/2016 15:28,1/26/2016 17:22,Business,Cary,Cary,1.4,Errand/Supplies,4.9,3.3,4.5,85,2.63,Clear,Low,Cash,No,Cancelled by Driver,Urban,Rural,SUV,11,3,50,12,104,273.52,1.223529412,14,No,Monday,No,No,No,Yes,0,273.52,
1/13/2016 15:28,1/26/2016 17:29,Business,Cary,Cary,0.5,Errand/Supplies,3.9,4.5,27.17,88,2.79,Rainy,High,Wallet,No,Cancelled by Passenger,Urban,Rural,Sedan,9,1,50,12,376.04,1049.1516,4.273181818,15,No,Tuesday,No,Yes,Yes,No,0,1049.1516,
1/13/2016 15:28,1/27/2016 9:31,Business,Cary,Cary,1.8,Meeting,4.5,3,2.93,59,2.65,Clear,High,UPI,Yes,Completed,Suburban,Urban,Auto,6,2,50,12,85.16,225.674,1.443389831,15,No,Tuesday,No,No,Yes,Yes,8.516,217.158,
1/13/2016 15:28,1/27/2016 10:48,Business,Cary,Raleigh,18.7,Customer Visit,4,3,16.49,20,2.8,Clear,Low,UPI,No,Cancelled by Passenger,Suburban,Suburban,Auto,2,3,50,12,247.88,694.064,12.394,16,No,Tuesday,No,Yes,No,No,0,694.064,
1/13/2016 15:28,1/27/2016 12:44,Business,Fairmont,Meredith Townes,3.4,Customer Visit,4.3,3.6,5.12,50,2.11,Clear,High,Cash,Yes,Cancelled by Driver,Rural,Urban,Mini,2,4,50,12,111.44,235.1384,2.2288,18,No,Thursday,No,No,Yes,No,11.144,223.9944,
1/13/2016 15:28,1/27/2016 14:13,Business,Raleigh,Raleigh,2.7,Customer Visit,4.3,4,1.34,66,2.62,Clear,Medium,Cash,Yes,Completed,Suburban,Rural,SUV,9,4,50,12,66.08,173.1296,1.001212121,19,No,Thursday,No,No,No,No,6.608,166.5216,
1/13/2016 15:28,1/27/2016 15:08,Business,Raleigh,Cary,12.9,Customer Visit,3.8,4.5,13.24,111,1.77,Clear,Medium,Card,Yes,Cancelled by Passenger,Suburban,Suburban,Auto,10,0,50,12,208.88,369.7176,1.881801802,8,No,Thursday,No,No,No,No,20.888,348.8296,
2/13/2016,1/28/2016 13:00,Business,Cary,Raleigh,19,Temporary Site,5,4.4,9.56,11,2.33,Rainy,Low,Wallet,Yes,Completed,Rural,Rural,Mini,8,1,50,12,164.72,383.7976,14.97454545,11,No,Thursday,No,No,No,Yes,16.472,367.3256,
2/13/2016,1/28/2016 15:31,Business,Meredith Townes,Leesville Hollow,14.7,Meeting,4.7,3.9,15.09,84,2.98,Clear,Medium,Card,Yes,Completed,Suburban,Suburban,Auto,14,0,50,12,231.08,688.6184,2.750952381,13,No,Thursday,No,Yes,No,Yes,23.108,665.5104,
2/13/2016,1/28/2016 16:51,Business,Raleigh,Cary,15.7,Meeting,4.9,3.5,17.74,49,1.45,Rainy,Medium,Card,No,Cancelled by Driver,Urban,Suburban,Auto,14,2,50,12,262.88,381.176,5.364897959,14,No,Thursday,No,Yes,No,Yes,0,381.176,
2/13/2016,1/29/2016 9:45,Business,Cary,Cary,4.6,Customer Visit,4.8,5,2.27,63,1.78,Foggy,Low,UPI,Yes,Completed,Suburban,Urban,Auto,14,3,50,12,77.24,137.4872,1.226031746,12,No,Thursday,No,No,No,Yes,7.724,129.7632,
1/13/2016 15:28,1/29/2016 11:07,Business,Cary,Cary,5.2,Meeting,4.4,3.9,4.57,115,1.96,Stormy,High,UPI,Yes,Cancelled by Passenger,Rural,Suburban,Mini,9,4,50,12,104.84,205.4864,0.911652174,12,No,Friday,No,No,Yes,No,10.484,195.0024,
1/13/2016 15:28,1/29/2016 12:03,Business,Cary,Durham,10.4,Meeting,4.9,3.9,17.2,60,1.28,Clear,Low,UPI,Yes,Completed,Urban,Rural,Sedan,4,1,50,12,256.4,328.192,4.273333333,14,No,Friday,No,Yes,No,Yes,25.64,302.552,
2/13/2016,1/29/2016 13:47,Business,Durham,Cary,10.1,Meeting,3.6,3.3,10.95,52,1.16,Stormy,Medium,UPI,Yes,Completed,Suburban,Suburban,Auto,4,4,50,12,181.4,210.424,3.488461538,15,No,Thursday,No,No,No,No,18.14,192.284,
2/13/2016,1/29/2016 18:52,Business,Cary,Apex,5.8,Errand/Supplies,3.8,4.6,22.15,31,2.66,Rainy,Low,Card,Yes,Cancelled by Passenger,Urban,Rural,Auto,2,0,50,12,315.8,840.028,10.18709677,15,No,Thursday,No,Yes,No,No,31.58,808.448,
2/13/2016,1/29/2016 21:40,Business,Apex,Cary,5.5,Meal/Entertain,3.6,4.4,19.92,57,2.95,Foggy,Low,UPI,No,Cancelled by Driver,Urban,Urban,Sedan,14,0,50,12,289.04,852.668,5.070877193,16,No,Thursday,No,Yes,No,No,0,852.668,
2/13/2016,1/30/2016 16:33,Business,Cary,Apex,5.7,Errand/Supplies,4,3.4,25.52,91,1.81,Foggy,Medium,Wallet,Yes,Cancelled by Driver,Suburban,Rural,Auto,10,3,50,12,356.24,644.7944,3.914725275,12,No,Friday,No,Yes,No,No,35.624,609.1704,
2/13/21016,1/30/2016 18:24,Business,Apex,Cary,5.7,Customer Visit,4.1,3.2,21.08,92,1.18,Foggy,Medium,UPI,Yes,Cancelled by Passenger,Suburban,Suburban,SUV,1,1,50,12,302.96,357.4928,3.293043478,12,No,Friday,No,Yes,No,No,30.296,327.1968,
01-02-2016 10:35,02-01-2016 11:15,Business,Cary,Chapel Hill,19.4,Customer Visit,3.9,4.4,13.47,77,1.13,Stormy,Low,UPI,No,Cancelled by Passenger,Rural,Rural,Auto,10,1,50,12,211.64,239.1532,2.748571429,10,Yes,Monday,No,No,No,No,0,239.1532,
01-02-2016 12:10,02-01-2016 12:43,Business,Chapel Hill,Cary,23.3,Customer Visit,4.7,4.3,20.52,39,2.78,Rainy,Medium,UPI,Yes,Cancelled by Driver,Rural,Rural,SUV,13,3,50,12,296.24,823.5472,7.595897436,12,No,Monday,No,Yes,No,Yes,29.624,793.9232,
01-02-2016 12:56,02-01-2016 13:07,Business,Northwoods,Whitebridge,3.9,Meal/Entertain,4,3.5,8.99,55,1.93,Clear,Medium,Cash,No,Completed,Urban,Suburban,Sedan,4,0,50,12,157.88,304.7084,2.870545455,12,No,Monday,No,No,No,No,0,304.7084,
02-02-2016 13:04,02-02-2016 13:23,Business,Whitebridge,Williamsburg Manor,8.3,Meeting,3.9,4.9,9.88,88,1.64,Clear,Medium,Wallet,No,Cancelled by Passenger,Rural,Rural,Mini,10,0,50,12,168.56,276.4384,1.915454545,13,No,Tuesday,No,No,No,No,0,276.4384,
02-02-2016 13:51,02-02-2016 14:06,Business,Cary,Cary,6,Errand/Supplies,4.3,3.3,23.88,41,1.95,Rainy,Medium,Wallet,No,Completed,Urban,Suburban,Sedan,10,0,50,12,336.56,656.292,8.208780488,13,No,Tuesday,No,Yes,No,No,0,656.292,
02-02-2016 14:38,02-02-2016 14:42,Business,Cary,Cary,1.6,Errand/Supplies,3.7,3.9,13.95,110,1.64,Stormy,Medium,Card,No,Cancelled by Passenger,Urban,Urban,Auto,11,4,50,12,217.4,356.536,1.976363636,14,No,Tuesday,No,No,No,No,0,356.536,
04-02-2016 08:40,02-04-2016 09:01,Business,Cary,Morrisville,5.2,Errand/Supplies,4.7,4.9,24.15,85,1.98,Clear,Medium,Card,Yes,Cancelled by Driver,Rural,Rural,SUV,8,2,50,12,339.8,672.804,3.997647059,8,Yes,Thursday,No,Yes,No,Yes,33.98,638.824,
04-02-2016 09:37,02-04-2016 10:09,Business,Morrisville,Cary,9.7,Meal/Entertain,3.6,3.8,24.85,115,2.72,Rainy,High,UPI,Yes,Completed,Rural,Urban,Mini,2,0,50,12,348.2,947.104,3.027826087,9,Yes,Thursday,No,Yes,Yes,No,34.82,912.284,
04-02-2016 10:26,02-04-2016 10:32,Business,Cary,Cary,1.6,Meal/Entertain,5,4.3,25.87,99,2.18,Clear,Low,Cash,No,Completed,Rural,Rural,Auto,13,2,50,12,360.44,785.7592,3.640808081,10,Yes,Thursday,No,Yes,No,Yes,0,785.7592,
04-02-2016 15:59,02-04-2016 16:03,Business,Cary,Cary,1.1,Meal/Entertain,4.7,3.8,27.58,61,2.39,Foggy,Medium,Card,No,Cancelled by Passenger,Suburban,Rural,Mini,12,2,50,12,380.96,910.4944,6.245245902,15,No,Thursday,No,Yes,No,Yes,0,910.4944,
04-02-2016 16:35,02-04-2016 16:39,Business,Cary,Cary,1.6,Meal/Entertain,3.8,3.5,13.5,12,1.73,Clear,Low,Card,Yes,Completed,Urban,Urban,Mini,11,1,50,12,212,366.76,17.66666667,16,No,Thursday,No,No,No,No,21.2,345.56,
04-02-2016 18:04,02-04-2016 18:31,Business,Whitebridge,Macgregor Downs,9,Meeting,3.5,5,10.25,83,2.48,Stormy,High,UPI,No,Cancelled by Passenger,Urban,Rural,Auto,8,3,50,12,173,429.04,2.084337349,18,Yes,Thursday,No,No,Yes,No,0,429.04,
04-02-2016 20:36,02-04-2016 20:55,Business,Cary,Cary,7.7,Meeting,4.7,3.8,17.88,99,2.33,Rainy,Medium,UPI,No,Cancelled by Driver,Urban,Rural,Sedan,1,4,50,12,264.56,616.4248,2.672323232,20,Yes,Thursday,No,Yes,No,Yes,0,616.4248,
05-02-2016 11:47,02-05-2016 12:07,Business,Cary,Durham,10.4,Meeting,4.6,4.8,11.76,98,1.24,Stormy,Low,Card,No,Completed,Rural,Urban,Auto,1,2,50,12,191.12,236.9888,1.950204082,11,No,Friday,No,No,No,Yes,0,236.9888,
05-02-2016 13:22,02-05-2016 13:41,Business,Durham,Cary,10.4,Meeting,4.6,3.5,18.43,114,2.15,Rainy,Medium,Card,Yes,Cancelled by Passenger,Rural,Rural,Auto,4,4,50,12,271.16,582.994,2.378596491,13,No,Friday,No,Yes,No,Yes,27.116,555.878,
06-02-2016 16:20,02-06-2016 16:53,Business,Cary,Raleigh,11.4,Between Offices,4.7,3.4,21.46,24,1.51,Foggy,Medium,Wallet,No,Completed,Rural,Suburban,Sedan,7,1,50,12,307.52,464.3552,12.81333333,16,No,Saturday,Yes,Yes,No,Yes,0,464.3552,
06-02-2016 18:57,02-06-2016 19:21,Business,Raleigh,Cary,9,Errand/Supplies,3.6,3.1,20.96,107,2.61,Rainy,Medium,Cash,Yes,Cancelled by Passenger,Rural,Rural,SUV,9,0,50,12,301.52,786.9672,2.817943925,18,Yes,Saturday,Yes,Yes,No,No,30.152,756.8152,
06-02-2016 19:28,02-06-2016 19:37,Business,Edgehill Farms,Whitebridge,3.2,Meal/Entertain,4,4.3,11.86,57,1.85,Clear,Medium,Wallet,Yes,Cancelled by Passenger,Rural,Rural,Auto,5,2,50,12,192.32,355.792,3.374035088,19,Yes,Saturday,Yes,No,No,No,19.232,336.56,
07-02-2016 16:49,02-07-2016 17:01,Business,Cary,Apex,5.6,Errand/Supplies,3.7,3.7,5.84,16,2.99,Clear,Medium,Card,Yes,Cancelled by Passenger,Suburban,Rural,Mini,2,3,50,12,120.08,359.0392,7.505,16,No,Sunday,Yes,No,No,No,12.008,347.0312,
07-02-2016 18:03,02-07-2016 18:17,Business,Apex,Cary,5.7,Customer Visit,4.8,4.7,13.49,53,1.19,Foggy,Medium,Wallet,No,Cancelled by Driver,Rural,Urban,Auto,12,1,50,12,211.88,252.1372,3.997735849,18,Yes,Sunday,Yes,No,No,Yes,0,252.1372,
07-02-2016 18:39,02-07-2016 18:53,Business,Cary,Morrisville,6.1,Temporary Site,4.4,3.9,5.14,21,2.56,Rainy,Medium,Wallet,No,Completed,Urban,Suburban,Auto,7,4,50,12,111.68,285.9008,5.318095238,18,Yes,Sunday,Yes,No,No,No,0,285.9008,
07-02-2016 20:22,02-07-2016 20:40,Business,Morrisville,Cary,6.1,Meeting,4,4.9,26.81,68,2.35,Foggy,High,Card,Yes,Cancelled by Driver,Rural,Suburban,Mini,11,0,50,12,371.72,873.542,5.466470588,20,Yes,Sunday,Yes,Yes,Yes,No,37.172,836.37,
08-02-2016 12:57,02-08-2016 13:08,Business,Whitebridge,Edgehill Farms,4.3,Meal/Entertain,3.6,3.4,11.03,46,2.53,Clear,High,UPI,Yes,Cancelled by Passenger,Urban,Rural,Sedan,2,4,50,12,182.36,461.3708,3.964347826,12,No,Monday,No,No,Yes,No,18.236,443.1348,
08-02-2016 14:00,02-08-2016 14:10,Business,Edgehill Farms,Whitebridge,2.7,Meal/Entertain,4,4.7,5.48,98,1.62,Stormy,Medium,Card,Yes,Cancelled by Passenger,Rural,Urban,SUV,9,3,50,12,115.76,187.5312,1.18122449,14,No,Monday,No,No,No,No,11.576,175.9552,
09-02-2016 10:54,02-09-2016 11:07,Personal,Whitebridge,Northwoods,5.3,Meal/Entertain,4,4.6,1.74,33,1.98,Foggy,Medium,UPI,No,Cancelled by Driver,Rural,Urban,SUV,9,2,50,12,70.88,140.3424,2.147878788,10,Yes,Tuesday,No,No,No,No,0,140.3424,
09-02-2016 11:43,02-09-2016 11:50,Personal,Northwoods,Tanglewood,3,Meal/Entertain,4.6,4.5,19.73,23,2.59,Stormy,High,Card,No,Cancelled by Driver,Urban,Suburban,Mini,3,3,50,12,286.76,742.7084,12.46782609,11,No,Tuesday,No,Yes,Yes,Yes,0,742.7084,
09-02-2016 13:36,02-09-2016 13:52,Personal,Tanglewood,Preston,5.1,s,4.5,4.7,19.47,114,1.47,Stormy,High,Card,Yes,Completed,Urban,Urban,Sedan,13,4,50,12,283.64,416.9508,2.488070175,13,No,Tuesday,No,Yes,Yes,Yes,28.364,388.5868,
09-02-2016 13:58,02-09-2016 14:02,Personal,Preston,Whitebridge,1.5,Meal/Entertain,4.8,4.5,10.88,15,1.45,Rainy,High,Card,Yes,Cancelled by Passenger,Urban,Rural,Auto,8,4,50,12,180.56,261.812,12.03733333,13,No,Tuesday,No,No,Yes,Yes,18.056,243.756,
09-02-2016 18:55,02-09-2016 19:11,Business,Cary,Morrisville,6.1,Meal/Entertain,4.2,4.3,3.08,102,2.1,Foggy,Medium,Cash,No,Cancelled by Driver,Urban,Rural,Auto,11,3,50,12,86.96,182.616,0.85254902,18,Yes,Tuesday,No,No,No,No,0,182.616,
09-02-2016 20:24,02-09-2016 20:40,Business,Morrisville,Cary,6.1,Meal/Entertain,3.7,3.3,12.88,54,2.05,Stormy,Low,UPI,Yes,Cancelled by Passenger,Suburban,Urban,Auto,4,3,50,12,204.56,419.348,3.788148148,20,Yes,Tuesday,No,No,No,No,20.456,398.892,
11-02-2016 16:28,02-11-2016 17:10,Business,Cary,Raleigh,17.3,Meal/Entertain,4.6,3.1,10.03,75,1.56,Stormy,Low,Cash,No,Cancelled by Passenger,Urban,Rural,Auto,3,3,50,12,170.36,265.7616,2.271466667,16,No,Thursday,No,No,No,Yes,0,265.7616,
11-02-2016 17:49,02-11-2016 18:10,Business,Eastgate,Walnut Terrace,5.7,Meal/Entertain,4.6,4.8,20.64,112,1.6,Rainy,Low,Card,No,Completed,Rural,Suburban,Auto,1,0,50,12,297.68,476.288,2.657857143,17,Yes,Thursday,No,Yes,No,Yes,0,476.288,
11-02-2016 18:24,02-11-2016 18:46,Business,Raleigh,Morrisville,13.5,Temporary Site,4.3,4.2,18.57,62,1.56,Rainy,Low,Wallet,Yes,Completed,Rural,Rural,Mini,5,4,50,12,272.84,425.6304,4.400645161,18,Yes,Thursday,No,Yes,No,No,27.284,398.3464,
11-02-2016 20:36,02-11-2016 20:51,Business,Morrisville,Cary,6.1,Temporary Site,4.7,4.6,11.57,38,2.54,Clear,Medium,Cash,Yes,Completed,Suburban,Urban,Auto,13,1,50,12,188.84,479.6536,4.969473684,20,Yes,Thursday,No,No,No,Yes,18.884,460.7696,
12-02-2016 08:21,02-12-2016 08:42,Business,Cary,Durham,8.5,Temporary Site,4.2,4,7.32,24,2.3,Stormy,Low,UPI,No,Cancelled by Driver,Urban,Suburban,Auto,14,0,50,12,137.84,317.032,5.743333333,8,Yes,Friday,No,No,No,No,0,317.032,
12-02-2016 10:45,02-12-2016 10:52,Business,Durham,Morrisville,2.6,Temporary Site,4.3,3.2,29.65,54,2.66,Clear,High,Card,No,Cancelled by Passenger,Rural,Rural,Sedan,11,0,50,12,405.8,1079.428,7.514814815,10,Yes,Friday,No,Yes,Yes,No,0,1079.428,
12-02-2016 11:14,02-12-2016 11:35,Business,Morrisville,Raleigh,17,Customer Visit,4.1,3.3,14.17,106,2.95,Stormy,High,Cash,No,Cancelled by Driver,Suburban,Suburban,Auto,4,0,50,12,220.04,649.118,2.075849057,11,No,Friday,No,No,Yes,No,0,649.118,
12-02-2016 13:02,02-12-2016 13:36,Business,Raleigh,Cary,18,Meeting,3.5,4.4,20.96,92,1.95,Clear,Low,Wallet,No,Cancelled by Driver,Rural,Urban,SUV,1,1,50,12,301.52,587.964,3.277391304,13,No,Friday,No,Yes,No,No,0,587.964,
12-02-2016 14:49,02-12-2016 15:06,Business,Cary,Morrisville,8.4,Meeting,3.7,3.9,5.08,14,1.13,Rainy,High,Cash,No,Completed,Suburban,Rural,Mini,10,3,50,12,110.96,125.3848,7.925714286,14,No,Friday,No,No,Yes,No,0,125.3848,
12-02-2016 15:33,02-12-2016 16:06,Business,Morrisville,Cary,11.5,Customer Visit,3.5,3.4,15.08,36,1.1,Foggy,Medium,UPI,Yes,Cancelled by Passenger,Suburban,Rural,Mini,8,4,50,12,230.96,254.056,6.415555556,15,No,Friday,No,Yes,No,No,23.096,230.96,
,2/13/2016 14:41,Business,Cary,Morrisville,8.9,Meeting,4.5,4,1.8,56,1.59,Rainy,Low,Cash,No,Cancelled by Passenger,Urban,Suburban,Mini,8,2,50,12,71.6,113.844,1.278571429,,No,Friday,No,No,No,Yes,0,113.844,
,2/14/2016 0:01,Personal,East Elmhurst,Jackson Heights,2.7,,4,3.1,15.66,19,2.87,Clear,Low,Wallet,No,Completed,Suburban,Rural,SUV,13,2,50,12,237.92,682.8304,12.52210526,,No,Friday,No,Yes,No,No,0,682.8304,
,2/14/2016 1:00,Personal,Jackson Heights,East Elmhurst,1.8,,4.3,4.2,28.96,105,2.05,Clear,Medium,Wallet,No,Cancelled by Passenger,Rural,Rural,Auto,8,4,50,12,397.52,814.916,3.785904762,,No,Friday,No,Yes,No,No,0,814.916,
,2/14/2016 14:40,Business,East Elmhurst,New York,8.1,Meeting,4.9,3.5,12.14,88,1.54,Foggy,High,UPI,Yes,Completed,Rural,Rural,Mini,3,1,50,12,195.68,301.3472,2.223636364,,No,Friday,No,No,Yes,Yes,19.568,281.7792,
,2/14/2016 15:03,Business,Midtown,Midtown West,2,Meeting,3.9,4.6,2.13,7,1.8,Stormy,Medium,Wallet,Yes,Cancelled by Driver,Urban,Rural,SUV,6,2,50,12,75.56,136.008,10.79428571,,No,Friday,No,No,No,No,7.556,128.452,
,2/14/2016 17:02,Business,New York,Long Island City,13,Meeting,4.1,3.6,1.9,41,2.2,Clear,Medium,Card,No,Cancelled by Driver,Urban,Urban,Sedan,12,0,50,12,72.8,160.16,1.775609756,,No,Friday,No,No,No,No,0,160.16,
,2/14/2016 17:29,Business,Long Island City,Jamaica,13.9,Meeting,4.6,3.9,12.25,44,2.31,Clear,High,Wallet,No,Completed,Suburban,Rural,Auto,12,2,50,12,197,455.07,4.477272727,,No,Friday,No,No,Yes,Yes,0,455.07,
,2/16/2016 4:13,Business,Katunayaka,Unknown Location,43.7,Customer Visit,3.8,3,5.64,76,1.31,Clear,Medium,Card,Yes,Cancelled by Driver,Urban,Suburban,SUV,7,4,50,12,117.68,154.1608,1.548421053,,No,Friday,No,No,No,No,11.768,142.3928,
,2/16/2016 9:34,Business,Unknown Location,Colombo,14.1,,3.6,3.1,1.68,44,2.95,Foggy,High,Cash,Yes,Cancelled by Driver,Rural,Urban,Auto,9,0,50,12,70.16,206.972,1.594545455,,No,Friday,No,No,Yes,No,7.016,199.956,
,2/16/2016 10:41,Business,Colombo,Colombo,2.6,,3.9,3.8,22.93,112,2.09,Rainy,High,Card,Yes,Completed,Rural,Suburban,Sedan,5,2,50,12,325.16,679.5844,2.903214286,,No,Friday,No,Yes,Yes,No,32.516,647.0684,
,2/16/2016 12:02,Business,Colombo,Colombo,4.5,,3.7,4,14.3,60,1.27,Clear,Medium,Card,Yes,Cancelled by Driver,Urban,Suburban,SUV,9,4,50,12,221.6,281.432,3.693333333,,No,Friday,No,No,No,No,22.16,259.272,
,2/16/2016 12:42,Business,Colombo,Colombo,1.7,,4.9,4.2,9.39,27,2.79,Foggy,High,Cash,No,Cancelled by Passenger,Urban,Suburban,Auto,6,1,50,12,162.68,453.8772,6.025185185,,No,Friday,No,No,Yes,Yes,0,453.8772,
,2/16/2016 13:55,Business,Colombo,Colombo,1.8,Temporary Site,4.7,3.6,27.1,108,1.15,Clear,Medium,Wallet,Yes,Cancelled by Driver,Urban,Urban,SUV,10,4,50,12,375.2,431.48,3.474074074,,No,Friday,No,Yes,No,Yes,37.52,393.96,
,2/16/2016 17:10,Business,Colombo,Colombo,6,,4.5,4.4,4.37,15,2.82,Stormy,High,Card,No,Completed,Suburban,Urban,Mini,10,1,50,12,102.44,288.8808,6.829333333,,No,Friday,No,No,Yes,Yes,0,288.8808,
,2/16/2016 17:26,Business,Colombo,Nugegoda,1.1,Meal/Entertain,4.8,4.7,28.72,114,2.99,Foggy,Low,Wallet,No,Cancelled by Passenger,Suburban,Urban,Auto,10,0,50,12,394.64,1179.9736,3.461754386,,No,Friday,No,Yes,No,Yes,0,1179.9736,
,2/16/2016 17:44,Business,Nugegoda,Unknown Location,3.6,Errand/Supplies,4.7,4.6,10.11,68,2.4,Clear,High,Cash,Yes,Cancelled by Passenger,Rural,Rural,SUV,4,4,50,12,171.32,411.168,2.519411765,,No,Friday,No,No,Yes,Yes,17.132,394.036,
,2/17/2016 14:04,Business,Unknown Location,Colombo,14.7,Temporary Site,3.8,3.1,26.76,12,2.54,Foggy,High,UPI,Yes,Cancelled by Driver,Suburban,Suburban,Mini,13,3,50,12,371.12,942.6448,30.92666667,,No,Friday,No,Yes,Yes,No,37.112,905.5328,
,2/17/2016 15:22,Business,Colombo,Colombo,1.7,Meal/Entertain,4.8,4,18.49,97,1.67,Clear,Medium,Wallet,Yes,Cancelled by Passenger,Suburban,Urban,Sedan,1,3,50,12,271.88,454.0396,2.802886598,,No,Friday,No,Yes,No,Yes,27.188,426.8516,
,2/17/2016 16:17,Business,Colombo,Katunayaka,21.4,Temporary Site,4.3,3.2,24.97,98,2.88,Rainy,High,Wallet,Yes,Completed,Suburban,Suburban,Auto,1,3,50,12,349.64,1006.9632,3.567755102,,No,Friday,No,Yes,Yes,No,34.964,971.9992,
,2/17/2016 16:43,Business,Katunayaka,Katunayaka,0.5,Errand/Supplies,4.7,3.5,29.54,60,2.06,Clear,Low,UPI,No,Cancelled by Passenger,Suburban,Urban,Auto,14,3,50,12,404.48,833.2288,6.741333333,,No,Friday,No,Yes,No,Yes,0,833.2288,
,2/18/2016 8:27,Business,Unknown Location,Unknown Location,23.5,Temporary Site,4.8,5,9.36,64,2.46,Foggy,Low,UPI,No,Cancelled by Driver,Rural,Urban,Sedan,10,3,50,12,162.32,399.3072,2.53625,,No,Friday,No,No,No,Yes,0,399.3072,
,2/18/2016 14:45,Business,Unknown Location,Islamabad,12.7,Temporary Site,4,3.3,28.87,14,2.85,Stormy,High,Cash,No,Cancelled by Driver,Urban,Urban,Mini,5,1,50,12,396.44,1129.854,28.31714286,,No,Friday,No,Yes,Yes,No,0,1129.854,
,2/18/2016 15:31,Business,Islamabad,Unknown Location,6,Temporary Site,3.7,4,12.29,43,2.95,Stormy,High,Wallet,Yes,Cancelled by Passenger,Rural,Suburban,Sedan,13,4,50,12,197.48,582.566,4.59255814,,No,Friday,No,No,Yes,No,19.748,562.818,
,2/18/2016 18:58,Business,Unknown Location,Islamabad,5.2,Customer Visit,3.8,4.2,12.18,32,2.67,Stormy,Low,Wallet,No,Completed,Suburban,Rural,Auto,14,0,50,12,196.16,523.7472,6.13,,No,Friday,No,No,No,No,0,523.7472,
,2/18/2016 20:08,Business,Islamabad,Unknown Location,10,Meeting,4.1,4.4,10.87,53,1.61,Clear,Medium,Cash,Yes,Completed,Urban,Urban,SUV,3,3,50,12,180.44,290.5084,3.404528302,,No,Friday,No,No,No,No,18.044,272.4644,
,2/19/2016 9:14,Business,Unknown Location,Unknown Location,18.3,Meeting,4.7,4.1,16.7,40,2.93,Rainy,Low,Wallet,No,Cancelled by Driver,Urban,Urban,Mini,5,3,50,12,250.4,733.672,6.26,,No,Friday,No,Yes,No,Yes,0,733.672,
,2/19/2016 9:51,Business,Unknown Location,Unknown Location,11.2,Meeting,4.8,3,5.47,17,2.26,Clear,Low,Card,Yes,Cancelled by Driver,Urban,Urban,Mini,5,0,50,12,115.64,261.3464,6.802352941,,No,Friday,No,No,No,Yes,11.564,249.7824,
,2/19/2016 10:48,Business,Unknown Location,Islamabad,7.6,Meeting,3.5,3.7,17.06,100,2.86,Stormy,High,Card,No,Completed,Rural,Rural,Mini,1,0,50,12,254.72,728.4992,2.5472,,No,Friday,No,Yes,Yes,No,0,728.4992,
,2/19/2016 11:26,Personal,Islamabad,Islamabad,1.5,,4.3,4,16.71,40,2.35,Foggy,High,Card,No,Cancelled by Passenger,Urban,Suburban,Sedan,14,3,50,12,250.52,588.722,6.263,,No,Friday,No,Yes,Yes,No,0,588.722,
,2/19/2016 11:50,Personal,Islamabad,Islamabad,1,,4.1,3.2,23.1,105,1.61,Stormy,Low,Wallet,Yes,Cancelled by Passenger,Rural,Suburban,Sedan,8,1,50,12,327.2,526.792,3.116190476,,No,Friday,No,Yes,No,No,32.72,494.072,
,2/19/2016 12:27,Business,Islamabad,Unknown Location,7.3,Temporary Site,3.8,3.7,25.18,30,1.74,Foggy,Medium,Card,No,Cancelled by Passenger,Rural,Suburban,SUV,5,0,50,12,352.16,612.7584,11.73866667,,No,Friday,No,Yes,No,No,0,612.7584,
,2/19/2016 16:45,Business,Unknown Location,Islamabad,3.5,,3.7,3.1,13.77,90,2.1,Rainy,Low,Card,No,Cancelled by Passenger,Suburban,Suburban,SUV,5,4,50,12,215.24,452.004,2.391555556,,No,Friday,No,No,No,No,0,452.004,
,2/19/2016 17:20,Business,Islamabad,Islamabad,4.2,,4,3.2,9.77,8,2.58,Foggy,Low,Cash,Yes,Completed,Suburban,Urban,Mini,9,4,50,12,167.24,431.4792,20.905,,No,Friday,No,No,No,No,16.724,414.7552,
,2/19/2016 20:30,Personal,Islamabad,Unknown Location,13.6,,4.9,3.8,8.52,99,1.64,Clear,Medium,Cash,Yes,Cancelled by Driver,Urban,Rural,SUV,8,1,50,12,152.24,249.6736,1.537777778,,No,Friday,No,No,No,Yes,15.224,234.4496,
,2/19/2016 20:51,Personal,Unknown Location,Unknown Location,2.5,,4,3.3,6.64,86,2.16,Clear,Low,UPI,Yes,Cancelled by Driver,Urban,Urban,Sedan,13,2,50,12,129.68,280.1088,1.507906977,,No,Friday,No,No,No,No,12.968,267.1408,
,2/20/2016 8:32,Personal,Unknown Location,Islamabad,14.4,,4.3,4.1,2.67,68,1.69,Clear,Low,UPI,Yes,Cancelled by Passenger,Suburban,Rural,SUV,1,1,50,12,82.04,138.6476,1.206470588,,No,Friday,No,No,No,No,8.204,130.4436,
,2/20/2016 10:56,Personal,Islamabad,Islamabad,3,,4.6,4.4,10.93,42,2.63,Foggy,High,UPI,Yes,Completed,Rural,Suburban,Sedan,3,3,50,12,181.16,476.4508,4.313333333,,No,Friday,No,No,Yes,Yes,18.116,458.3348,
,2/20/2016 11:53,Personal,Islamabad,Islamabad,1.5,,4,4.6,8.84,92,1.93,Clear,Medium,UPI,No,Completed,Rural,Rural,SUV,12,2,50,12,156.08,301.2344,1.696521739,,No,Friday,No,No,No,No,0,301.2344,
,2/20/2016 13:17,Business,Islamabad,R?walpindi,18.4,,5,3.4,29.03,91,1.15,Clear,High,Cash,Yes,Cancelled by Passenger,Suburban,Urban,Auto,7,3,50,12,398.36,458.114,4.377582418,,No,Friday,No,Yes,Yes,Yes,39.836,418.278,
,2/20/2016 15:54,Business,R?walpindi,R?walpindi,23.1,Meeting,4.9,3.3,17.17,26,1.33,Clear,High,Cash,No,Cancelled by Passenger,Rural,Urban,Sedan,1,4,50,12,256.04,340.5332,9.847692308,,No,Friday,No,Yes,Yes,Yes,0,340.5332,
,2/20/2016 17:54,Personal,R?walpindi,Unknown Location,16.5,,3.9,3.2,11.07,6,1.12,Rainy,Medium,Cash,No,Cancelled by Passenger,Suburban,Suburban,Auto,1,0,50,12,182.84,204.7808,30.47333333,,No,Friday,No,No,No,No,0,204.7808,
,2/20/2016 18:03,Business,Unknown Location,Unknown Location,3.2,Errand/Supplies,4.2,4.3,17.83,35,2,Foggy,Medium,Card,Yes,Cancelled by Driver,Suburban,Urban,Sedan,5,3,50,12,263.96,527.92,7.541714286,,No,Friday,No,Yes,No,No,26.396,501.524,
,2/20/2016 19:49,Business,Unknown Location,Unknown Location,7.7,Errand/Supplies,4,4.4,5.04,15,1.21,Foggy,Low,Card,No,Cancelled by Passenger,Urban,Urban,SUV,9,4,50,12,110.48,133.6808,7.365333333,,No,Friday,No,No,No,No,0,133.6808,
,2/21/2016 9:46,Business,Unknown Location,Islamabad,14.5,,3.9,3.1,13.88,96,1.23,Stormy,High,UPI,No,Cancelled by Driver,Urban,Rural,Auto,6,1,50,12,216.56,266.3688,2.255833333,,No,Friday,No,No,Yes,No,0,266.3688,
,2/21/2016 11:43,Business,Unknown Location,Islamabad,2.4,Errand/Supplies,3.6,4.9,19.16,50,2.88,Foggy,Medium,Card,Yes,Completed,Suburban,Urban,SUV,10,3,50,12,279.92,806.1696,5.5984,,No,Friday,No,Yes,No,No,27.992,778.1776,
,2/21/2016 12:01,Business,Islamabad,Islamabad,4.6,Errand/Supplies,4.4,3.1,15.18,100,2.75,Rainy,High,Wallet,No,Completed,Urban,Suburban,Sedan,2,4,50,12,232.16,638.44,2.3216,,No,Friday,No,Yes,Yes,No,0,638.44,
,2/21/2016 12:35,Business,Islamabad,Unknown Location,8.8,Meal/Entertain,4.3,4.1,12.65,66,1.9,Foggy,High,Cash,Yes,Cancelled by Driver,Suburban,Suburban,Auto,11,0,50,12,201.8,383.42,3.057575758,,No,Friday,No,No,Yes,No,20.18,363.24,
,2/21/2016 13:12,Business,Unknown Location,Unknown Location,8.3,Temporary Site,3.6,4.4,29.82,73,2.97,Rainy,Medium,UPI,Yes,Cancelled by Driver,Rural,Urban,Mini,9,3,50,12,407.84,1211.2848,5.586849315,,No,Friday,No,Yes,No,No,40.784,1170.5008,
,2/21/2016 14:30,Business,Unknown Location,Unknown Location,22.7,Temporary Site,3.9,4.7,26.53,68,1,Rainy,Low,UPI,Yes,Cancelled by Driver,Rural,Suburban,SUV,6,4,50,12,368.36,368.36,5.417058824,,No,Friday,No,Yes,No,No,36.836,331.524,
,2/21/2016 15:03,Business,Unknown Location,Islamabad,13,Temporary Site,4.9,4.4,19.08,106,2.23,Foggy,High,Wallet,No,Cancelled by Driver,Rural,Rural,Sedan,5,3,50,12,278.96,622.0808,2.631698113,,No,Friday,No,Yes,Yes,Yes,0,622.0808,
,2/21/2016 15:31,Business,Islamabad,Noorpur Shahan,8.1,Temporary Site,3.9,4.6,17.51,14,2.23,Stormy,Medium,Card,No,Cancelled by Passenger,Rural,Rural,Auto,5,0,50,12,260.12,580.0676,18.58,,No,Friday,No,Yes,No,No,0,580.0676,
,2/21/2016 15:41,Business,Noorpur Shahan,Unknown Location,2.2,Meal/Entertain,3.7,3.7,19,44,1.91,Clear,Low,UPI,No,Completed,Suburban,Urban,SUV,12,3,50,12,278,530.98,6.318181818,,No,Friday,No,Yes,No,No,0,530.98,
,2/21/2016 16:32,Business,Unknown Location,Unknown Location,9.7,,4.2,4.6,6.84,114,1.79,Clear,High,Card,No,Cancelled by Passenger,Rural,Urban,Auto,3,3,50,12,132.08,236.4232,1.158596491,,No,Friday,No,No,Yes,No,0,236.4232,
,2/21/2016 23:52,Business,Unknown Location,R?walpindi,20,Meeting,5,3.2,12.46,28,1.91,Foggy,Medium,Card,Yes,Cancelled by Driver,Rural,Rural,SUV,14,4,50,12,199.52,381.0832,7.125714286,,No,Friday,No,No,No,Yes,19.952,361.1312,
,2/22/2016 22:09,Business,Morrisville,Cary,8.1,Customer Visit,3.9,4.8,2.14,103,1.83,Foggy,High,Wallet,No,Cancelled by Passenger,Rural,Suburban,SUV,6,2,50,12,75.68,138.4944,0.734757282,,No,Friday,No,No,Yes,No,0,138.4944,
,2/24/2016 14:35,Business,Whitebridge,Preston,1.5,,4.5,4.1,14.79,48,2.46,Rainy,Medium,UPI,Yes,Cancelled by Passenger,Rural,Urban,SUV,13,3,50,12,227.48,559.6008,4.739166667,,No,Friday,No,No,No,Yes,22.748,536.8528,
,2/24/2016 15:25,Business,Preston,Whitebridge,1.7,Errand/Supplies,4.6,4.6,16.75,116,1.27,Foggy,Medium,Card,No,Completed,Suburban,Urban,Auto,4,2,50,12,251,318.77,2.163793103,,No,Friday,No,Yes,No,Yes,0,318.77,
,2/25/2016 16:35,Business,Whitebridge,Heritage Pines,3.1,Errand/Supplies,3.9,3.9,7.6,64,1.4,Rainy,High,Card,No,Cancelled by Passenger,Rural,Suburban,Auto,13,1,50,12,141.2,197.68,2.20625,,No,Friday,No,No,Yes,No,0,197.68,
,2/25/2016 17:02,Business,Heritage Pines,Whitebridge,3.2,Errand/Supplies,4.6,4.3,28.96,66,1.36,Stormy,High,Wallet,No,Completed,Urban,Urban,SUV,12,3,50,12,397.52,540.6272,6.023030303,,No,Friday,No,Yes,Yes,Yes,0,540.6272,
,2/25/2016 17:36,Business,Whitebridge,Tanglewood,6,Meal/Entertain,4.1,4.1,27.37,91,1.52,Foggy,Medium,Wallet,No,Cancelled by Driver,Urban,Suburban,Mini,10,2,50,12,378.44,575.2288,4.158681319,,No,Friday,No,Yes,No,No,0,575.2288,
,2/25/2016 18:39,Business,Tanglewood,Whitebridge,5.8,Meal/Entertain,4.4,4.5,21.94,21,2.05,Clear,Low,Card,No,Cancelled by Passenger,Urban,Suburban,Mini,14,1,50,12,313.28,642.224,14.91809524,,No,Friday,No,Yes,No,No,0,642.224,
,2/26/2016 9:29,Business,Whitebridge,Westpark Place,6.3,,4.5,3.2,16.47,69,1.22,Clear,High,Wallet,Yes,Cancelled by Driver,Urban,Suburban,Mini,2,4,50,12,247.64,302.1208,3.588985507,,No,Friday,No,Yes,Yes,Yes,24.764,277.3568,
,2/26/2016 11:11,Personal,Westpark Place,Whitebridge,1.7,,4.3,3.1,26.23,99,2.74,Foggy,Medium,Card,No,Completed,Urban,Suburban,Sedan,13,3,50,12,364.76,999.4424,3.684444444,,No,Friday,No,Yes,No,No,0,999.4424,
,2/26/2016 11:59,Business,Cary,Durham,10.6,Meeting,3.6,3.5,4.79,99,1.59,Rainy,Medium,UPI,No,Cancelled by Driver,Urban,Suburban,Mini,3,4,50,12,107.48,170.8932,1.085656566,,No,Friday,No,No,No,No,0,170.8932,
,2/26/2016 13:24,Business,Durham,Cary,9.9,Meeting,4.8,3.3,23.92,110,1.33,Clear,Low,Cash,No,Cancelled by Driver,Suburban,Rural,Auto,9,1,50,12,337.04,448.2632,3.064,,No,Friday,No,Yes,No,Yes,0,448.2632,
,2/26/2016 14:46,Personal,Whitebridge,Westpark Place,1.9,,4,4.7,4.62,61,2.35,Rainy,Low,Wallet,No,Completed,Urban,Suburban,Mini,11,4,50,12,105.44,247.784,1.72852459,,No,Friday,No,No,No,No,0,247.784,
,2/26/2016 15:18,Personal,Westpark Place,Hazelwood,4.2,,3.8,3.4,24.03,59,1.08,Foggy,Low,Cash,Yes,Cancelled by Driver,Rural,Rural,Auto,11,4,50,12,338.36,365.4288,5.734915254,,No,Friday,No,Yes,No,No,33.836,331.5928,
,2/26/2016 17:12,Personal,Hazelwood,Whitebridge,2,,3.6,5,9,110,2.24,Foggy,High,Card,No,Cancelled by Driver,Urban,Suburban,Sedan,9,0,50,12,158,353.92,1.436363636,,No,Friday,No,No,Yes,No,0,353.92,
,2/28/2016 5:38,Business,Whitebridge,Waverly Place,7.7,Meeting,4.4,3.7,26.44,57,2.4,Clear,Medium,Card,Yes,Cancelled by Driver,Suburban,Urban,Auto,6,1,50,12,367.28,881.472,6.443508772,,No,Friday,No,Yes,No,No,36.728,844.744,
,2/28/2016 9:42,Business,Waverly Place,Whitebridge,6.8,Meeting,4.5,3.4,28.38,60,1.43,Foggy,Medium,Card,No,Cancelled by Passenger,Urban,Rural,Auto,10,4,50,12,390.56,558.5008,6.509333333,,No,Friday,No,Yes,No,Yes,0,558.5008,
,2/29/2016 11:14,Personal,Whitebridge,Westpark Place,2.1,,3.5,4.6,5.32,102,1.08,Stormy,Medium,Cash,Yes,Cancelled by Driver,Rural,Urban,Auto,10,2,50,12,113.84,122.9472,1.116078431,,No,Friday,No,No,No,No,11.384,111.5632,
,2/29/2016 11:40,Business,Cary,Apex,3.8,Meeting,4.3,4.3,14.42,13,1.73,Stormy,Low,Card,Yes,Completed,Rural,Suburban,Mini,14,1,50,12,223.04,385.8592,17.15692308,,No,Friday,No,No,No,No,22.304,363.5552,
,2/29/2016 12:48,Business,Apex,Cary,5.6,Meeting,3.8,4,29.45,26,1.2,Clear,Medium,Wallet,Yes,Cancelled by Passenger,Suburban,Suburban,SUV,9,0,50,12,403.4,484.08,15.51538462,,No,Friday,No,Yes,No,No,40.34,443.74,
,2/29/2016 15:03,Business,Whitebridge,Hazelwood,2.6,,4.5,4.1,15.02,17,1.23,Stormy,High,UPI,Yes,Cancelled by Passenger,Suburban,Urban,Auto,4,3,50,12,230.24,283.1952,13.54352941,,No,Friday,No,Yes,Yes,Yes,23.024,260.1712,
,2/29/2016 17:00,Business,Hazelwood,Whitebridge,6.6,Customer Visit,3.8,4.4,26.04,93,1.51,Rainy,Low,UPI,Yes,Completed,Suburban,Suburban,Mini,11,4,50,12,362.48,547.3448,3.897634409,,No,Friday,No,Yes,No,No,36.248,511.0968,
01-03-2016 18:47,03-01-2016 19:10,Business,Whitebridge,Wayne Ridge,8,Meal/Entertain,4.5,3.5,18.07,52,1.59,Clear,Low,Wallet,No,Cancelled by Driver,Suburban,Urban,Mini,5,2,50,12,266.84,424.2756,5.131538462,18,Yes,Tuesday,No,Yes,No,Yes,0,424.2756,
01-03-2016 21:27,03-01-2016 21:45,Business,Wayne Ridge,Whitebridge,8,Meeting,4.1,5,11.88,22,2.06,Clear,Low,UPI,Yes,Cancelled by Passenger,Urban,Suburban,Mini,10,0,50,12,192.56,396.6736,8.752727273,21,No,Tuesday,No,No,No,No,19.256,377.4176,
03-03-2016 09:45,03-03-2016 09:52,Personal,Whitebridge,Westpark Place,2.2,,4.9,4.9,9.29,119,2.36,Rainy,Low,Cash,No,Cancelled by Passenger,Urban,Suburban,SUV,6,1,50,12,161.48,381.0928,1.35697479,9,Yes,Thursday,No,No,No,Yes,0,381.0928,
03-03-2016 11:04,03-03-2016 11:10,Business,Westpark Place,Whitebridge,2.3,Errand/Supplies,3.7,4.3,6.89,80,2.19,Stormy,High,Card,Yes,Cancelled by Passenger,Rural,Rural,SUV,13,4,50,12,132.68,290.5692,1.6585,11,No,Thursday,No,No,Yes,No,13.268,277.3012,
03-03-2016 14:44,03-03-2016 14:58,Business,Whitebridge,Northwoods,5.2,Meal/Entertain,4,3.4,23.09,44,1.3,Stormy,Medium,Card,Yes,Cancelled by Driver,Suburban,Urban,SUV,9,0,50,12,327.08,425.204,7.433636364,14,No,Thursday,No,Yes,No,No,32.708,392.496,
03-03-2016 15:27,03-03-2016 15:48,Business,Cary,Raleigh,7.6,Customer Visit,3.7,4.4,12.21,21,1.34,Stormy,High,Card,No,Cancelled by Passenger,Suburban,Suburban,SUV,13,0,50,12,196.52,263.3368,9.358095238,15,No,Thursday,No,No,Yes,No,0,263.3368,
03-03-2016 16:02,03-03-2016 16:42,Business,Raleigh,Cary,17.3,Meeting,4.9,3.1,15.83,19,2.76,Clear,Medium,Cash,Yes,Completed,Urban,Urban,Sedan,5,2,50,12,239.96,662.2896,12.62947368,16,No,Thursday,No,Yes,No,Yes,23.996,638.2936,
04-03-2016 07:47,03-04-2016 08:06,Business,Cary,Durham,9.9,Meeting,4.8,3.1,15.28,110,2.12,Clear,High,Cash,Yes,Cancelled by Driver,Suburban,Rural,SUV,8,3,50,12,233.36,494.7232,2.121454545,7,No,Friday,No,Yes,Yes,Yes,23.336,471.3872,
04-03-2016 09:46,03-04-2016 10:03,Business,Durham,Cary,9.9,Customer Visit,3.9,3.5,17.74,19,2.74,Stormy,Low,Cash,Yes,Completed,Rural,Urban,SUV,11,3,50,12,262.88,720.2912,13.83578947,9,Yes,Friday,No,Yes,No,No,26.288,694.0032,
04-03-2016 11:46,03-04-2016 12:06,Business,Cary,Durham,10.4,Meeting,4.5,3.9,26.1,83,1.74,Foggy,Low,Wallet,Yes,Completed,Rural,Rural,SUV,1,3,50,12,363.2,631.968,4.375903614,11,No,Friday,No,Yes,No,Yes,36.32,595.648,
04-03-2016 13:03,03-04-2016 13:25,Business,Durham,Cary,10.9,Meeting,4.7,4.7,29.44,67,2.23,Stormy,High,Cash,No,Cancelled by Passenger,Suburban,Urban,Auto,5,1,50,12,403.28,899.3144,6.019104478,13,No,Friday,No,Yes,Yes,Yes,0,899.3144,
04-03-2016 13:40,03-04-2016 14:09,Business,Cary,Raleigh,15.7,Customer Visit,4.3,4.5,12.82,43,2.05,Rainy,High,UPI,Yes,Cancelled by Passenger,Rural,Urban,Auto,10,0,50,12,203.84,417.872,4.740465116,13,No,Friday,No,No,Yes,No,20.384,397.488,
04-03-2016 15:56,03-04-2016 16:08,Business,Raleigh,Raleigh,4.9,Meal/Entertain,4.3,4.5,25,17,1.64,Clear,Medium,Wallet,Yes,Cancelled by Passenger,Rural,Rural,SUV,1,1,50,12,350,574,20.58823529,15,No,Friday,No,Yes,No,No,35,539,
04-03-2016 16:16,03-04-2016 16:22,Business,Fayetteville Street,Depot Historic District,0.8,Errand/Supplies,3.9,3.9,23.17,85,1.94,Rainy,High,Wallet,No,Completed,Urban,Suburban,Sedan,10,0,50,12,328.04,636.3976,3.859294118,16,No,Friday,No,Yes,Yes,No,0,636.3976,
04-03-2016 16:43,03-04-2016 17:12,Business,Raleigh,Cary,13.5,Meeting,3.6,3.7,17.63,36,2,Rainy,High,Wallet,No,Cancelled by Driver,Rural,Suburban,Auto,14,2,50,12,261.56,523.12,7.265555556,16,No,Friday,No,Yes,Yes,No,0,523.12,
04-03-2016 19:02,03-04-2016 19:08,Business,Cary,Morrisville,1.9,Temporary Site,4.8,3.7,28.73,13,1.4,Clear,Medium,Cash,Yes,Cancelled by Passenger,Suburban,Suburban,Mini,6,2,50,12,394.76,552.664,30.36615385,19,Yes,Friday,No,Yes,No,Yes,39.476,513.188,
04-03-2016 19:16,03-04-2016 19:25,Business,Morrisville,Cary,2,Meal/Entertain,4.9,5,6.81,44,1.63,Foggy,Medium,Wallet,Yes,Cancelled by Passenger,Suburban,Urban,Auto,7,1,50,12,131.72,214.7036,2.993636364,19,Yes,Friday,No,No,No,Yes,13.172,201.5316,
05-03-2016 11:44,03-05-2016 11:59,Business,Cary,Morrisville,6.5,Meal/Entertain,4.4,3.1,4.17,24,2.58,Stormy,Medium,Cash,No,Completed,Rural,Urban,Mini,12,1,50,12,100.04,258.1032,4.168333333,11,No,Saturday,Yes,No,No,No,0,258.1032,
05-03-2016 12:57,03-05-2016 13:12,Personal,Weston,Weston,4.2,,4,4.7,25.76,94,2.83,Rainy,High,Cash,Yes,Cancelled by Driver,Suburban,Suburban,Auto,14,2,50,12,359.12,1016.3096,3.820425532,12,No,Saturday,Yes,Yes,Yes,No,35.912,980.3976,
05-03-2016 14:08,03-05-2016 14:18,Personal,Morrisville,Cary,3.5,,4,4.2,13.74,95,1.72,Clear,Medium,Wallet,No,Completed,Urban,Urban,SUV,5,4,50,12,214.88,369.5936,2.261894737,14,No,Saturday,Yes,No,No,No,0,369.5936,
05-03-2016 14:39,03-05-2016 15:01,Business,Whitebridge,Wayne Ridge,7.8,Meal/Entertain,4.6,3.9,25.56,89,1.61,Rainy,Low,Card,Yes,Cancelled by Passenger,Rural,Urban,Auto,1,3,50,12,356.72,574.3192,4.008089888,14,No,Saturday,Yes,Yes,No,Yes,35.672,538.6472,
05-03-2016 16:52,03-05-2016 17:13,Business,Cary,Morrisville,7.8,Meal/Entertain,4.8,4.5,26.9,86,1.39,Stormy,Low,Card,No,Completed,Rural,Suburban,SUV,6,3,50,12,372.8,518.192,4.334883721,16,No,Saturday,Yes,Yes,No,Yes,0,518.192,
05-03-2016 17:23,03-05-2016 17:34,Business,Morrisville,Cary,3.9,Meal/Entertain,4.8,4,2.81,81,2.36,Foggy,Low,Wallet,No,Cancelled by Passenger,Rural,Rural,SUV,10,2,50,12,83.72,197.5792,1.033580247,17,Yes,Saturday,Yes,No,No,Yes,0,197.5792,
07-03-2016 09:10,03-07-2016 09:20,Business,Whitebridge,Edgehill Farms,2.8,Errand/Supplies,4.7,4.7,26.62,84,1.65,Foggy,High,Card,No,Cancelled by Driver,Suburban,Urban,Auto,5,3,50,12,369.44,609.576,4.398095238,9,Yes,Monday,No,Yes,Yes,Yes,0,609.576,
07-03-2016 09:23,03-07-2016 09:47,Business,Cary,Raleigh,12.4,Customer Visit,4.5,4.8,14,77,2.98,Foggy,Low,UPI,Yes,Completed,Suburban,Urban,Mini,6,4,50,12,218,649.64,2.831168831,9,Yes,Monday,No,No,No,Yes,21.8,627.84,
07-03-2016 12:10,03-07-2016 12:26,Business,Fayetteville Street,Meredith Townes,5.9,Customer Visit,3.6,3.8,15.8,67,1.65,Clear,High,UPI,Yes,Cancelled by Passenger,Rural,Urban,Mini,11,4,50,12,239.6,395.34,3.576119403,12,No,Monday,No,Yes,Yes,No,23.96,371.38,
07-03-2016 13:57,03-07-2016 14:18,Business,Meredith Townes,Leesville Hollow,9.4,Meeting,3.7,3.6,19.17,80,1.79,Clear,High,Cash,Yes,Cancelled by Passenger,Suburban,Urban,Auto,10,0,50,12,280.04,501.2716,3.5005,13,No,Monday,No,Yes,Yes,No,28.004,473.2676,
07-03-2016 15:19,03-07-2016 15:45,Business,Raleigh,Cary,11.9,Between Offices,4.8,4.2,27.87,48,2.21,Foggy,Low,Card,Yes,Cancelled by Passenger,Suburban,Rural,SUV,7,1,50,12,384.44,849.6124,8.009166667,15,No,Monday,No,Yes,No,Yes,38.444,811.1684,
08-03-2016 14:38,03-08-2016 14:55,Business,Whitebridge,Waverly Place,7.2,Between Offices,4.4,4.8,1.55,42,2.6,Stormy,Medium,UPI,No,Cancelled by Passenger,Rural,Suburban,Mini,7,3,50,12,68.6,178.36,1.633333333,14,No,Tuesday,No,No,No,No,0,178.36,
08-03-2016 15:35,03-08-2016 16:00,Business,Waverly Place,Whitebridge,7.6,Meal/Entertain,3.5,3.4,14.83,87,1.94,Stormy,High,Wallet,No,Completed,Rural,Urban,Sedan,2,4,50,12,227.96,442.2424,2.620229885,15,No,Tuesday,No,No,Yes,No,0,442.2424,
08-03-2016 16:13,03-08-2016 16:25,Personal,Whitebridge,Whitebridge,1.6,,3.7,4.2,20.94,64,1.85,Clear,Low,Card,No,Cancelled by Passenger,Suburban,Suburban,SUV,12,1,50,12,301.28,557.368,4.7075,16,No,Tuesday,No,Yes,No,No,0,557.368,
10-03-2016 03:36,03-10-2016 03:53,Business,Cary,Morrisville,8.4,Meeting,4.5,4.3,21.96,75,2.99,Foggy,High,UPI,Yes,Completed,Rural,Urban,Auto,3,1,50,12,313.52,937.4248,4.180266667,3,No,Thursday,No,Yes,Yes,Yes,31.352,906.0728,
10-03-2016 10:08,03-10-2016 10:37,Business,East Austin,West University,12.8,Si-Vis: The Sound of Heroes,3.5,4.5,21.08,103,1.02,Stormy,Medium,UPI,Yes,Cancelled by Passenger,Rural,Rural,SUV,12,0,50,12,302.96,309.0192,2.941359223,10,Yes,Thursday,No,Yes,No,No,30.296,278.7232,
10-03-2016 14:39,03-10-2016 14:55,Business,West University,South Congress,2.3,vSi-Vis: The Sound of Heroes,3.7,3.3,4.9,52,2.79,Stormy,Medium,Wallet,Yes,Completed,Rural,Suburban,Sedan,6,1,50,12,108.8,303.552,2.092307692,14,No,Thursday,No,No,No,No,10.88,292.672,
10-03-2016 16:18,03-10-2016 16:28,Business,South Congress,Arts District,1.6,vSi-Vis: The Sound of Heroes,4.3,4.4,9.68,22,1.3,Stormy,Low,Cash,No,Completed,Rural,Rural,Sedan,3,1,50,12,166.16,216.008,7.552727273,16,No,Thursday,No,No,No,No,0,216.008,
11-03-2016 09:47,03-11-2016 09:59,Business,The Drag,Congress Ave District,2,vSi-Vis: The Sound of Heroes,Meal/Entertain,4.5,4.8,11.4,20,2.57,Clear,High,Wallet,Yes,Cancelled by Passenger,Suburban,Urban,Mini,2,2,50,12,186.8,480.076,9.34,9,Yes,Friday,No,No,Yes,Yes,18.68,461.396
11-03-2016 10:29,03-11-2016 10:36,Business,Congress Ave District,Downtown,0.8,vSi-Vis: The Sound of Heroes,,4.5,3.4,24.33,59,2.24,Foggy,High,Cash,Yes,Cancelled by Passenger,Rural,Rural,Sedan,4,0,50,12,341.96,765.9904,5.795932203,10,Yes,Friday,No,Yes,Yes,Yes,34.196,731.7944
11-03-2016 11:57,03-11-2016 12:04,Business,Downtown,Red River District,1.2,vSi-Vis: The Sound of Heroes,,3.8,3.5,9.08,43,1.68,Rainy,High,UPI,No,Cancelled by Passenger,Urban,Rural,SUV,5,0,50,12,158.96,267.0528,3.696744186,11,No,Friday,No,No,Yes,No,0,267.0528
11-03-2016 13:43,03-11-2016 13:51,Business,Red River District,Downtown,1,vSi-Vis: The Sound of Heroes,,4.6,4.9,7.11,72,2.75,Foggy,High,Cash,No,Cancelled by Passenger,Rural,Urban,Mini,11,3,50,12,135.32,372.13,1.879444444,13,No,Friday,No,No,Yes,Yes,0,372.13
11-03-2016 19:21,03-11-2016 19:35,Business,South Congress,The Drag,2.1,vSi-Vis: The Sound of Heroes,,3.9,3.4,28.77,63,1.03,Foggy,Low,UPI,Yes,Cancelled by Driver,Urban,Urban,Sedan,10,1,50,12,395.24,407.0972,6.273650794,19,Yes,Friday,No,Yes,No,No,39.524,367.5732
12-03-2016 09:13,03-12-2016 09:22,Business,The Drag,South Congress,2.2,vSi-Vis: The Sound of Heroes,,4,4.7,1.26,93,1.45,Clear,Medium,UPI,No,Cancelled by Passenger,Rural,Suburban,Mini,9,3,50,12,65.12,94.424,0.700215054,9,Yes,Saturday,Yes,No,No,No,0,94.424
12-03-2016 18:27,03-12-2016 18:37,Personal,South Congress,The Drag,1.9,vSi-Vis: The Sound of Heroes,,4.6,4,29.94,100,2.13,Stormy,Low,Card,Yes,Cancelled by Passenger,Urban,Urban,Mini,3,4,50,12,409.28,871.7664,4.0928,18,Yes,Saturday,Yes,Yes,No,Yes,40.928,830.8384
,3/13/2016 9:37,Business,The Drag,Convention Center District,5.7,Meal/Entertain,4.5,3.5,20.63,66,1.7,Stormy,High,Cash,No,Cancelled by Passenger,Urban,Suburban,Auto,3,1,50,12,297.56,505.852,4.508484848,,No,Yes,No,Yes,Yes,Yes,0,505.852,
,3/13/2016 18:43,Business,South Congress,North Austin,8.4,Meal/Entertain,4.8,4.7,25.03,108,2.22,Clear,High,Cash,No,Completed,Rural,Rural,Mini,6,4,50,12,350.36,777.7992,3.244074074,,No,Yes,No,Yes,Yes,Yes,0,777.7992,
,3/13/2016 20:28,Business,Georgian Acres,The Drag,6.2,Meal/Entertain,4.5,3.9,9.54,17,1.05,Clear,Medium,Cash,No,Cancelled by Passenger,Rural,Rural,Mini,5,2,50,12,164.48,172.704,9.675294118,,No,Yes,No,No,No,Yes,0,172.704,
,3/13/2016 20:58,Business,The Drag,North Austin,10.5,Meal/Entertain,4.4,4,1.42,113,1.23,Clear,High,Wallet,Yes,Completed,Rural,Suburban,Sedan,6,1,50,12,67.04,82.4592,0.593274336,,No,Yes,No,No,Yes,No,6.704,75.7552,
,3/13/2016 21:23,Business,North Austin,Coxville,7.2,Meal/Entertain,3.6,3.7,22.4,85,1.25,Clear,Low,Card,Yes,Completed,Urban,Urban,SUV,7,3,50,12,318.8,398.5,3.750588235,,No,Yes,No,Yes,No,No,31.88,366.62,
,3/13/2016 22:39,Business,Coxville,The Drag,12.5,,4.1,4.2,25.19,117,1.38,Clear,Low,Card,Yes,Completed,Suburban,Urban,SUV,11,3,50,12,352.28,486.1464,3.010940171,,No,Yes,No,Yes,No,No,35.228,450.9184,
,3/14/2016 8:49,Business,The Drag,South Congress,2,Errand/Supplies,3.9,3.3,22.47,105,1.92,Rainy,Medium,Card,No,Completed,Suburban,Rural,Sedan,3,1,50,12,319.64,613.7088,3.044190476,,No,Yes,No,Yes,No,No,0,613.7088,
,3/14/2016 18:55,Business,South Congress,The Drag,2.7,,3.9,3.8,5.14,10,2.5,Foggy,Low,Wallet,No,Cancelled by Driver,Rural,Suburban,SUV,13,3,50,12,111.68,279.2,11.168,,No,Yes,No,No,No,No,0,279.2,
,3/15/2016 8:57,Business,The Drag,Convention Center District,2,Meal/Entertain,5,4.9,22.85,87,2.81,Foggy,Low,Cash,No,Cancelled by Passenger,Suburban,Rural,Mini,5,1,50,12,324.2,911.002,3.726436782,,No,Yes,No,Yes,No,Yes,0,911.002,
,3/15/2016 21:01,Business,Downtown,The Drag,2.8,Meal/Entertain,4.1,3.5,23.3,81,2.67,Foggy,Low,Cash,No,Completed,Suburban,Rural,Auto,8,0,50,12,329.6,880.032,4.069135802,,No,Yes,No,Yes,No,No,0,880.032,
,3/16/2016 11:45,Business,The Drag,Congress Ave District,1.7,Meal/Entertain,4.8,4.3,20.1,64,1.39,Stormy,Low,Cash,Yes,Cancelled by Passenger,Rural,Urban,Mini,4,3,50,12,291.2,404.768,4.55,,No,Yes,No,Yes,No,Yes,29.12,375.648,
,3/16/2016 14:55,Business,Convention Center District,West University,2,,4.4,3.7,23.22,94,1.88,Rainy,High,Card,Yes,Completed,Urban,Suburban,Mini,10,1,50,12,328.64,617.8432,3.496170213,,No,Yes,No,Yes,Yes,No,32.864,584.9792,
,3/16/2016 18:56,Business,West University,Congress Ave District,2.1,Meal/Entertain,4.7,4.5,25.53,18,1.4,Foggy,Low,Card,Yes,Cancelled by Driver,Rural,Rural,Auto,2,1,50,12,356.36,498.904,19.79777778,,No,Yes,No,Yes,No,Yes,35.636,463.268,
,3/17/2016 0:44,Personal,Downtown,The Drag,1.7,,4.3,3.3,18.79,99,1.53,Stormy,Medium,UPI,No,Completed,Suburban,Urban,Sedan,4,3,50,12,275.48,421.4844,2.782626263,,No,Yes,No,Yes,No,No,0,421.4844,
,3/17/2016 15:11,Business,Austin,Katy,136,Customer Visit,4.4,4.9,3.57,58,2.01,Rainy,Medium,Wallet,No,Cancelled by Passenger,Urban,Rural,Mini,2,0,50,12,92.84,186.6084,1.600689655,,No,Yes,No,No,No,No,0,186.6084,
,3/17/2016 15:58,Business,Katy,Houston,30.2,Meeting,4.2,3.9,15.14,8,1.14,Rainy,Low,Wallet,Yes,Cancelled by Passenger,Suburban,Rural,Mini,3,3,50,12,231.68,264.1152,28.96,,No,Yes,No,Yes,No,No,23.168,240.9472,
,3/17/2016 18:02,Business,Midtown,Alief,15.5,Meal/Entertain,3.8,3.5,3.25,43,1.44,Stormy,Medium,Card,No,Cancelled by Driver,Urban,Urban,Sedan,4,1,50,12,89,128.16,2.069767442,,No,Yes,No,No,No,No,0,128.16,
,3/17/2016 19:09,Personal,Houston,Houston,4.9,,4.6,3.1,12.82,76,2.87,Rainy,Low,UPI,Yes,Cancelled by Passenger,Suburban,Urban,Mini,4,0,50,12,203.84,585.0208,2.682105263,,No,Yes,No,No,No,Yes,20.384,564.6368,
,3/17/2016 21:28,Personal,Houston,Houston,12.6,,3.9,3.3,12.81,29,1.93,Stormy,Medium,Cash,No,Cancelled by Passenger,Rural,Suburban,Mini,10,4,50,12,203.72,393.1796,7.024827586,,No,Yes,No,No,No,No,0,393.1796,
,3/17/2016 22:04,Personal,Sharpstown,Midtown,10.4,,3.5,4,2.91,81,1.89,Foggy,Medium,Card,No,Completed,Suburban,Rural,SUV,9,2,50,12,84.92,160.4988,1.048395062,,No,Yes,No,No,No,No,0,160.4988,
,3/18/2016 7:21,Business,Midtown,Midtown,1.1,Meal/Entertain,4.5,3.7,11.12,36,1.03,Stormy,Low,Wallet,Yes,Cancelled by Passenger,Suburban,Suburban,Sedan,10,3,50,12,183.44,188.9432,5.095555556,,No,Yes,No,No,No,Yes,18.344,170.5992,
,3/18/2016 8:43,Business,Midtown,Midtown,1.1,Meal/Entertain,3.8,4.7,4.22,63,1.49,Rainy,Low,Wallet,Yes,Completed,Urban,Urban,Mini,6,1,50,12,100.64,149.9536,1.597460317,,No,Yes,No,No,No,No,10.064,139.8896,
,3/18/2016 19:08,Business,Midtown,Sharpstown,13.2,Meeting,4.9,3.9,24.44,106,2.73,Foggy,High,Wallet,No,Cancelled by Driver,Suburban,Urban,Mini,9,0,50,12,343.28,937.1544,3.238490566,,No,Yes,No,Yes,Yes,Yes,0,937.1544,
,3/18/2016 19:29,Business,Sharpstown,Sharpstown,1,Errand/Supplies,4.9,3.5,28.48,67,1.33,Foggy,Low,Cash,Yes,Cancelled by Passenger,Rural,Rural,Auto,4,0,50,12,391.76,521.0408,5.847164179,,No,Yes,No,Yes,No,Yes,39.176,481.8648,
,3/18/2016 21:15,Business,Sharpstown,Midtown,9.2,Customer Visit,4.9,4.2,3.1,42,1.83,Clear,Low,Wallet,Yes,Completed,Rural,Suburban,Auto,9,4,50,12,87.2,159.576,2.076190476,,No,Yes,No,No,No,Yes,8.72,150.856,
,3/19/2016 9:25,Business,Midtown,Sharpstown,9.4,Meal/Entertain,4.1,4.4,28.7,96,1.03,Clear,High,Cash,No,Cancelled by Passenger,Rural,Suburban,Auto,11,3,50,12,394.4,406.232,4.108333333,,No,Yes,No,Yes,Yes,No,0,406.232,
,3/19/2016 13:13,Business,Houston,Sugar Land,12,Customer Visit,3.5,3.3,16.15,57,1.96,Rainy,Low,Cash,No,Completed,Urban,Rural,Mini,13,0,50,12,243.8,477.848,4.277192982,,No,Yes,No,Yes,No,No,0,477.848,
,3/19/2016 14:57,Business,Sugar Land,Houston,35.1,Customer Visit,4.9,3.3,9.69,98,1.04,Stormy,Low,Cash,No,Cancelled by Driver,Urban,Rural,Mini,9,4,50,12,166.28,172.9312,1.696734694,,No,Yes,No,No,No,Yes,0,172.9312,
,3/19/2016 16:38,Business,Houston,Galveston,36.5,Meal/Entertain,4.1,3.1,3.23,71,2.64,Stormy,High,Card,Yes,Completed,Suburban,Suburban,Auto,6,1,50,12,88.76,234.3264,1.250140845,,No,Yes,No,No,Yes,No,8.876,225.4504,
,3/19/2016 17:32,Business,Galveston,Port Bolivar,3.1,Meal/Entertain,4.9,4.5,15.52,32,2.65,Rainy,Low,Cash,No,Cancelled by Passenger,Suburban,Urban,SUV,5,4,50,12,236.24,626.036,7.3825,,No,Yes,No,Yes,No,Yes,0,626.036,
,3/19/2016 17:47,Business,Port Bolivar,Port Bolivar,2.1,Errand/Supplies,4.9,4.3,24.04,7,2.58,Foggy,Low,UPI,No,Completed,Suburban,Urban,SUV,3,3,50,12,338.48,873.2784,48.35428571,,No,Yes,No,Yes,No,Yes,0,873.2784,
,3/19/2016 18:00,Business,Port Bolivar,Port Bolivar,1.2,,4.8,3.9,21.51,113,1.57,Rainy,High,Wallet,No,Cancelled by Passenger,Urban,Rural,SUV,14,4,50,12,308.12,483.7484,2.726725664,,No,Yes,No,Yes,Yes,Yes,0,483.7484,
,3/19/2016 19:29,Business,Port Bolivar,Galveston,7.5,Meeting,3.9,4.7,2.46,102,2.67,Rainy,High,Card,No,Cancelled by Driver,Urban,Suburban,SUV,5,0,50,12,79.52,212.3184,0.779607843,,No,Yes,No,No,Yes,No,0,212.3184,
,3/19/2016 20:39,Business,Galveston,Houston,57,Customer Visit,4.1,4.6,3.11,84,2.09,Foggy,Medium,Wallet,No,Completed,Suburban,Suburban,Sedan,3,0,50,12,87.32,182.4988,1.03952381,,No,Yes,No,No,No,No,0,182.4988,
,3/20/2016 7:48,Business,Midtown,Washington Avenue,5.9,Meeting,4.8,4.2,12.68,26,1.75,Stormy,Low,Cash,Yes,Cancelled by Passenger,Urban,Suburban,Auto,5,2,50,12,202.16,353.78,7.775384615,,No,Yes,No,No,No,Yes,20.216,333.564,
,3/20/2016 11:56,Business,Washington Avenue,Midtown,6.2,Meeting,4,4.7,9.56,100,2.25,Rainy,Medium,Card,No,Cancelled by Passenger,Urban,Urban,Mini,5,4,50,12,164.72,370.62,1.6472,,No,Yes,No,No,No,No,0,370.62,
,3/20/2016 17:34,Business,Midtown,Sharpstown,10.4,,3.8,3.4,7.74,42,1.02,Stormy,Medium,UPI,No,Cancelled by Passenger,Rural,Urban,Auto,2,1,50,12,142.88,145.7376,3.401904762,,No,Yes,No,No,No,No,0,145.7376,
,3/20/2016 18:40,Personal,Sharpstown,Briar Meadow,1.2,,4.3,3.2,9.15,76,1.29,Rainy,High,Cash,Yes,Completed,Rural,Suburban,SUV,14,3,50,12,159.8,206.142,2.102631579,,No,Yes,No,No,Yes,No,15.98,190.162,
,3/20/2016 19:06,Business,Briar Meadow,Midtown,9.6,Customer Visit,4.9,3.5,24.3,76,2.48,Foggy,Low,Wallet,No,Completed,Suburban,Suburban,Mini,14,2,50,12,341.6,847.168,4.494736842,,No,Yes,No,Yes,No,Yes,0,847.168,
,3/21/2016 10:26,Personal,Midtown,Downtown,1,,4.5,3.1,27.95,66,1.49,Foggy,Low,UPI,No,Completed,Suburban,Rural,Sedan,9,4,50,12,385.4,574.246,5.839393939,,No,Yes,No,Yes,No,Yes,0,574.246,
,3/21/2016 16:13,Business,Downtown,Midtown,0.9,Meal/Entertain,4.4,4.1,12.75,61,2.2,Clear,High,Cash,Yes,Cancelled by Driver,Rural,Rural,Auto,7,1,50,12,203,446.6,3.327868852,,No,Yes,No,No,Yes,No,20.3,426.3,
,3/21/2016 19:15,Business,Midtown,Sharpstown,8.8,,3.6,4.9,27.28,10,1.77,Foggy,Medium,UPI,No,Cancelled by Passenger,Urban,Suburban,Mini,14,2,50,12,377.36,667.9272,37.736,,No,Yes,No,Yes,No,No,0,667.9272,
,3/21/2016 20:55,Business,Sharpstown,Midtown,25.6,Meal/Entertain,4.4,3.1,10.32,82,2.71,Clear,High,Cash,Yes,Cancelled by Passenger,Suburban,Suburban,Mini,6,0,50,12,173.84,471.1064,2.12,,No,Yes,No,No,Yes,No,17.384,453.7224,
,3/22/2016 6:43,Business,Midtown,Greater Greenspoint,23,Meal/Entertain,5,3.2,14.82,36,2.9,Rainy,Low,Card,No,Cancelled by Driver,Suburban,Urban,SUV,5,3,50,12,227.84,660.736,6.328888889,,No,Yes,No,No,No,Yes,0,660.736,
,3/22/2016 12:24,Personal,Morrisville,Cary,8.1,,3.7,3.9,7.55,103,2.77,Stormy,High,Cash,Yes,Cancelled by Driver,Suburban,Suburban,SUV,4,4,50,12,140.6,389.462,1.365048544,,No,Yes,No,No,Yes,No,14.06,375.402,
,3/22/2016 19:25,Personal,Whitebridge,Whitebridge,1.4,,4.3,4.9,19.57,14,1.54,Foggy,Low,Card,Yes,Completed,Urban,Rural,Auto,8,1,50,12,284.84,438.6536,20.34571429,,No,Yes,No,Yes,No,No,28.484,410.1696,
,3/23/2016 14:42,Personal,Whitebridge,Preston,1.7,,4.8,3.6,29.39,7,1.39,Foggy,Medium,Cash,No,Completed,Rural,Urban,Sedan,2,0,50,12,402.68,559.7252,57.52571429,,No,Yes,No,Yes,No,Yes,0,559.7252,
,3/23/2016 14:59,Personal,Preston,Whitebridge,1.6,,4.6,4,18.5,63,1.95,Foggy,Low,Cash,Yes,Completed,Suburban,Rural,Mini,8,2,50,12,272,530.4,4.317460317,,No,Yes,No,Yes,No,Yes,27.2,503.2,
,3/24/2016 19:54,Personal,Whitebridge,Westpark Place,2,,4.5,3.1,11.38,80,1.01,Rainy,Medium,Wallet,Yes,Completed,Rural,Rural,SUV,1,3,50,12,186.56,188.4256,2.332,,No,Yes,No,No,No,Yes,18.656,169.7696,
,3/24/2016 20:40,Business,Westpark Place,Whitebridge,2.2,,4.6,3.3,19.79,53,1.05,Clear,Medium,UPI,No,Completed,Rural,Urban,Auto,10,2,50,12,287.48,301.854,5.424150943,,No,Yes,No,Yes,No,Yes,0,301.854,
,3/25/2016 16:22,Business,Cary,Latta,144,Customer Visit,4,5,4.56,63,2.11,Rainy,Low,UPI,No,Completed,Urban,Rural,SUV,1,2,50,12,104.72,220.9592,1.662222222,,No,Yes,No,No,No,No,0,220.9592,
,3/25/2016 22:22,Business,Latta,Jacksonville,310.3,Customer Visit,3.9,4.9,26.77,35,2.04,Stormy,Low,UPI,Yes,Cancelled by Driver,Urban,Suburban,Auto,3,1,50,12,371.24,757.3296,10.60685714,,No,Yes,No,Yes,No,No,37.124,720.2056,
,3/26/2016 1:39,Business,Jacksonville,Kissimmee,201,Meeting,4.7,3,15.59,97,2.99,Rainy,Medium,Cash,No,Cancelled by Driver,Urban,Rural,SUV,5,0,50,12,237.08,708.8692,2.444123711,,No,Yes,No,Yes,No,Yes,0,708.8692,
,3/26/2016 14:29,Personal,Couples Glen,Isles of Buena Vista,6.7,,4.7,4.9,14.03,73,1.4,Stormy,High,Cash,Yes,Cancelled by Driver,Urban,Urban,Sedan,14,4,50,12,218.36,305.704,2.991232877,,No,Yes,No,No,Yes,Yes,21.836,283.868,
,3/26/2016 15:49,Personal,Kissimmee,Orlando,8.8,,4.8,4.3,17.99,66,1.52,Foggy,Low,Cash,Yes,Cancelled by Passenger,Urban,Urban,Mini,6,1,50,12,265.88,404.1376,4.028484848,,No,Yes,No,Yes,No,Yes,26.588,377.5496,
,3/26/2016 16:30,Personal,Lake Reams,Lake Reams,1.2,,4.9,4.7,19.12,56,1.23,Stormy,Medium,Card,No,Cancelled by Passenger,Urban,Urban,SUV,4,3,50,12,279.44,343.7112,4.99,,No,Yes,No,Yes,No,Yes,0,343.7112,
,3/27/2016 0:40,Business,Lake Reams,Lake Reams,2.1,Errand/Supplies,4.3,3.9,3.08,93,2.84,Stormy,Medium,Card,No,Completed,Suburban,Rural,Mini,7,2,50,12,86.96,246.9664,0.935053763,,No,Yes,No,No,No,No,0,246.9664,
,3/27/2016 1:23,Business,Orlando,Kissimmee,6.6,Meal/Entertain,4.3,4,20.8,45,2.56,Clear,High,Wallet,Yes,Cancelled by Driver,Rural,Suburban,Auto,7,3,50,12,299.6,766.976,6.657777778,,No,Yes,No,Yes,Yes,No,29.96,737.016,
,3/27/2016 15:56,Business,Kissimmee,Orlando,6.1,Customer Visit,4.7,4,8.02,35,2.64,Stormy,Low,Cash,No,Cancelled by Passenger,Urban,Urban,Sedan,2,1,50,12,146.24,386.0736,4.178285714,,No,Yes,No,No,No,Yes,0,386.0736,
,3/27/2016 21:41,Personal,Orlando,Orlando,6.9,,4.5,4.3,21.7,89,2.81,Stormy,Medium,UPI,No,Cancelled by Passenger,Suburban,Suburban,Mini,2,1,50,12,310.4,872.224,3.487640449,,No,Yes,No,Yes,No,Yes,0,872.224,
,3/27/2016 23:18,Personal,Orlando,Kissimmee,7.3,,4.6,3.3,24.85,88,2.05,Rainy,High,UPI,Yes,Cancelled by Driver,Rural,Urban,SUV,2,4,50,12,348.2,713.81,3.956818182,,No,Yes,No,Yes,Yes,Yes,34.82,678.99,
,3/28/2016 12:42,Personal,Kissimmee,Orlando,3.6,,4.7,3.1,24.31,107,1.9,Foggy,Medium,Wallet,Yes,Cancelled by Passenger,Urban,Suburban,Mini,14,2,50,12,341.72,649.268,3.19364486,,No,Yes,No,Yes,No,Yes,34.172,615.096,
,3/28/2016 20:23,Personal,Couples Glen,Vista East,27.2,,4.8,3.6,17.02,26,1.66,Rainy,Low,UPI,Yes,Cancelled by Passenger,Urban,Suburban,Mini,2,1,50,12,254.24,422.0384,9.778461538,,No,Yes,No,Yes,No,Yes,25.424,396.6144,
,3/28/2016 23:26,Personal,Orlando,Kissimmee,25.7,,4,4.4,16.08,8,2.18,Rainy,High,Wallet,Yes,Cancelled by Driver,Suburban,Suburban,Auto,13,3,50,12,242.96,529.6528,30.37,,No,Yes,No,Yes,Yes,No,24.296,505.3568,
,3/29/2016 16:11,Personal,Kissimmee,Orlando,13.6,,4.1,3.4,5.14,17,1.91,Foggy,Medium,Cash,Yes,Cancelled by Passenger,Rural,Urban,Sedan,9,4,50,12,111.68,213.3088,6.569411765,,No,Yes,No,No,No,No,11.168,202.1408,
,3/29/2016 18:39,Personal,Sand Lake Commons,Sky Lake,6.2,,3.6,4.3,23.49,49,1.9,Foggy,High,UPI,Yes,Cancelled by Driver,Urban,Rural,Sedan,14,3,50,12,331.88,630.572,6.773061224,,No,Yes,No,Yes,Yes,No,33.188,597.384,
,3/29/2016 20:44,Personal,Sky Lake,Sand Lake Commons,6,,4.4,4.9,8.87,46,2.87,Stormy,Low,Cash,No,Cancelled by Passenger,Rural,Rural,Mini,5,2,50,12,156.44,448.9828,3.400869565,,No,Yes,No,No,No,No,0,448.9828,
,3/29/2016 23:21,Personal,Orlando,Kissimmee,13.8,,3.6,3.2,15.4,118,2.97,Stormy,High,Card,Yes,Cancelled by Driver,Suburban,Rural,Mini,11,4,50,12,234.8,697.356,1.989830508,,No,Yes,No,Yes,Yes,No,23.48,673.876,
,3/30/2016 22:55,Business,Orlando,Kissimmee,28.8,Meal/Entertain,4.2,4.3,9.24,53,2.59,Clear,Low,UPI,No,Cancelled by Passenger,Urban,Suburban,Auto,8,4,50,12,160.88,416.6792,3.035471698,,No,Yes,No,No,No,No,0,416.6792,
,3/31/2016 13:22,Business,Kissimmee,Orlando,16.1,Temporary Site,4.3,3.9,4.88,24,2.51,Rainy,Medium,Card,No,Cancelled by Passenger,Rural,Urban,Mini,5,4,50,12,108.56,272.4856,4.523333333,,No,Yes,No,No,No,No,0,272.4856,
,3/31/2016 15:09,Business,Orlando,Kissimmee,16.4,Meal/Entertain,3.9,4.7,19.26,81,2.36,Foggy,Low,UPI,Yes,Cancelled by Driver,Suburban,Suburban,Auto,13,0,50,12,281.12,663.4432,3.470617284,,No,Yes,No,Yes,No,No,28.112,635.3312,
01-04-2016 13:43,04-01-2016 14:01,Business,Kissimmee,Kissimmee,11,Meeting,4.4,3.4,2.58,85,1.33,Stormy,Medium,Cash,No,Cancelled by Passenger,Suburban,Urban,Sedan,11,4,50,12,80.96,107.6768,0.952470588,13,No,Friday,No,No,No,No,0,107.6768,
01-04-2016 14:36,04-01-2016 15:24,Business,Kissimmee,Orlando,15.5,Customer Visit,3.5,4.4,22.71,58,1.12,Foggy,Medium,Wallet,Yes,Cancelled by Driver,Urban,Suburban,Sedan,5,3,50,12,322.52,361.2224,5.560689655,14,No,Friday,No,Yes,No,No,32.252,328.9704,
01-04-2016 16:01,04-01-2016 16:49,Business,Orlando,Kissimmee,20.3,Meeting,3.6,4.7,10.21,40,2.38,Stormy,Low,Cash,No,Cancelled by Driver,Rural,Urban,Auto,1,3,50,12,172.52,410.5976,4.313,16,No,Friday,No,No,No,No,0,410.5976,
01-04-2016 16:52,04-01-2016 16:57,Personal,Kissimmee,Kissimmee,0.7,,4.7,4.9,1,101,2.46,Clear,Medium,Cash,Yes,Cancelled by Passenger,Urban,Urban,Mini,6,2,50,12,62,152.52,0.613861386,16,No,Friday,No,No,No,Yes,6.2,146.32,
02-04-2016 08:48,04-02-2016 09:04,Personal,Kissimmee,Kissimmee,5.5,,4,4.4,15.82,5,1.09,Clear,High,Cash,Yes,Completed,Urban,Urban,Sedan,4,1,50,12,239.84,261.4256,47.968,8,Yes,Saturday,Yes,Yes,Yes,No,23.984,237.4416,
02-04-2016 11:01,04-02-2016 11:16,Personal,Kissimmee,Kissimmee,5.1,,3.7,4,2.36,19,2.86,Foggy,Medium,UPI,Yes,Cancelled by Passenger,Rural,Suburban,SUV,3,1,50,12,78.32,223.9952,4.122105263,11,No,Saturday,Yes,No,No,No,7.832,216.1632,
02-04-2016 12:21,04-02-2016 14:47,Business,Kissimmee,Daytona Beach,77.3,Customer Visit,4.3,4.2,9.01,81,1.18,Clear,Low,Wallet,Yes,Completed,Rural,Rural,Auto,6,0,50,12,158.12,186.5816,1.952098765,12,No,Saturday,Yes,No,No,No,15.812,170.7696,
02-04-2016 16:57,04-02-2016 18:09,Business,Daytona Beach,Jacksonville,80.5,Customer Visit,4.7,4.7,21.5,21,1.57,Foggy,High,Card,No,Completed,Rural,Suburban,Sedan,2,4,50,12,308,483.56,14.66666667,16,No,Saturday,Yes,Yes,Yes,Yes,0,483.56,
02-04-2016 19:38,04-02-2016 22:36,Business,Jacksonville,Ridgeland,174.2,Customer Visit,3.8,4.1,2.82,28,2.34,Stormy,High,Cash,No,Cancelled by Passenger,Suburban,Suburban,Sedan,8,0,50,12,83.84,196.1856,2.994285714,19,Yes,Saturday,Yes,No,Yes,No,0,196.1856,
02-04-2016 23:11,04-03-2016 01:34,Business,Ridgeland,Florence,144,Meeting,4.4,3.1,25.34,62,1.34,Rainy,Medium,UPI,No,Completed,Suburban,Urban,Sedan,1,2,50,12,354.08,474.4672,5.710967742,23,No,Saturday,Yes,Yes,No,No,0,474.4672,
03-04-2016 02:00,04-03-2016 04:16,Business,Florence,Cary,159.3,Meeting,3.6,4.9,1.11,76,1.11,Clear,Medium,Card,No,Cancelled by Driver,Rural,Urban,SUV,12,2,50,12,63.32,70.2852,0.833157895,2,No,Sunday,Yes,No,No,No,0,70.2852,
05-04-2016 21:39,04-05-2016 21:55,Business,Whitebridge,Wayne Ridge,7.9,Meal/Entertain,3.6,4.4,8.16,118,1.66,Stormy,Low,Cash,No,Cancelled by Driver,Suburban,Rural,SUV,9,1,50,12,147.92,245.5472,1.253559322,21,No,Tuesday,No,No,No,No,0,245.5472,
06-04-2016 00:19,04-06-2016 00:39,Business,Wayne Ridge,Whitebridge,8,Meal/Entertain,4.3,4.4,22.49,95,2.53,Rainy,High,Card,Yes,Completed,Urban,Rural,SUV,8,2,50,12,319.88,809.2964,3.367157895,0,No,Wednesday,No,Yes,Yes,No,31.988,777.3084,
07-04-2016 18:20,04-07-2016 18:39,Business,Cary,Morrisville,6.1,Meal/Entertain,4.3,3.4,10.17,113,1.83,Rainy,Low,Cash,Yes,Cancelled by Driver,Rural,Urban,Mini,1,4,50,12,172.04,314.8332,1.522477876,18,Yes,Thursday,No,No,No,No,17.204,297.6292,
07-04-2016 19:45,04-07-2016 20:00,Business,Morrisville,Cary,6.1,Errand/Supplies,4.5,4.3,3.95,27,2.31,Rainy,Medium,Card,Yes,Cancelled by Passenger,Urban,Rural,Auto,10,3,50,12,97.4,224.994,3.607407407,19,Yes,Thursday,No,No,No,Yes,9.74,215.254,
08-04-2016 12:30,04-08-2016 12:48,Business,Cary,Durham,10.5,Meeting,4.6,3.8,11.45,50,2.16,Stormy,High,Card,Yes,Cancelled by Driver,Rural,Rural,Mini,12,2,50,12,187.4,404.784,3.748,12,No,Friday,No,No,Yes,Yes,18.74,386.044,
08-04-2016 13:34,04-08-2016 13:51,Business,Durham,Cary,8.7,Meal/Entertain,5,4.3,8.84,76,1.04,Stormy,Low,Wallet,Yes,Completed,Urban,Urban,SUV,9,0,50,12,156.08,162.3232,2.053684211,13,No,Friday,No,No,No,Yes,15.608,146.7152,
08-04-2016 13:55,04-08-2016 14:03,Business,Westpark Place,Whitebridge,1.8,Errand/Supplies,4.3,3.2,25.44,12,2.98,Foggy,Low,Wallet,No,Cancelled by Passenger,Rural,Suburban,Auto,2,4,50,12,355.28,1058.7344,29.60666667,13,No,Friday,No,Yes,No,No,0,1058.7344,
08-04-2016 14:43,04-08-2016 15:20,Business,Cary,Raleigh,19.1,Meeting,4,4.3,10.09,63,1.08,Rainy,Low,Cash,Yes,Cancelled by Driver,Urban,Rural,Mini,3,2,50,12,171.08,184.7664,2.715555556,14,No,Friday,No,No,No,No,17.108,167.6584,
08-04-2016 16:05,04-08-2016 16:47,Business,Raleigh,Cary,18.6,Meeting,4.7,5,23.88,94,2.94,Rainy,Low,UPI,Yes,Cancelled by Passenger,Rural,Urban,Mini,2,2,50,12,336.56,989.4864,3.580425532,16,No,Friday,No,Yes,No,Yes,33.656,955.8304,
12-04-2016 09:15,04-12-2016 09:26,Business,Whitebridge,Edgehill Farms,2.8,Errand/Supplies,3.9,3.1,26.86,115,2.1,Rainy,Low,Wallet,No,Completed,Rural,Rural,Mini,13,4,50,12,372.32,781.872,3.237565217,9,Yes,Tuesday,No,Yes,No,No,0,781.872,
12-04-2016 09:34,04-12-2016 09:53,Business,Cary,Raleigh,8.9,Meeting,4.2,5,13.58,63,2.93,Foggy,High,Card,No,Cancelled by Driver,Suburban,Rural,SUV,14,2,50,12,212.96,623.9728,3.38031746,9,Yes,Tuesday,No,No,Yes,No,0,623.9728,
12-04-2016 10:58,04-12-2016 11:18,Business,Meredith,Cedar Hill,7.5,Customer Visit,3.6,3.8,27.39,17,1.23,Rainy,Low,Wallet,Yes,Cancelled by Passenger,Urban,Urban,Sedan,8,3,50,12,378.68,465.7764,22.27529412,10,Yes,Tuesday,No,Yes,No,No,37.868,427.9084,
12-04-2016 12:22,04-12-2016 12:44,Business,Raleigh,Morrisville,15.9,Meeting,3.5,4.7,11.94,43,1.98,Stormy,High,Wallet,Yes,Cancelled by Passenger,Suburban,Rural,Auto,2,1,50,12,193.28,382.6944,4.494883721,12,No,Tuesday,No,No,Yes,No,19.328,363.3664,
12-04-2016 13:42,04-12-2016 14:01,Business,Morrisville,Cary,6.5,Meal/Entertain,4.9,4.6,28.96,105,1.34,Rainy,Low,Cash,No,Cancelled by Driver,Urban,Rural,SUV,10,4,50,12,397.52,532.6768,3.785904762,13,No,Tuesday,No,Yes,No,Yes,0,532.6768,
,4/14/2016 8:09,Business,Cary,Holly Springs,15.3,Temporary Site,4.8,4.1,3.59,117,1.1,Clear,Medium,Wallet,Yes,Cancelled by Passenger,Suburban,Rural,Auto,2,0,50,12,93.08,102.388,0.795555556,,No,,No,No,No,Yes,9.308,93.08,
,4/14/2016 16:43,Business,Holly Springs,Cary,13.7,Temporary Site,4.5,4.5,20.92,32,2.24,Stormy,Medium,Wallet,Yes,Cancelled by Passenger,Rural,Suburban,SUV,1,2,50,12,301.04,674.3296,9.4075,,No,,No,Yes,No,Yes,30.104,644.2256,
,4/15/2016 12:07,Business,Cary,Raleigh,11.9,Temporary Site,4.1,4.8,15.32,93,1.42,Foggy,Low,Card,Yes,Completed,Suburban,Suburban,Mini,7,1,50,12,233.84,332.0528,2.514408602,,No,,No,Yes,No,No,23.384,308.6688,
,4/15/2016 12:32,Business,Meredith Townes,Harden Place,1.4,Errand/Supplies,3.8,3.8,12.24,65,2.18,Rainy,Medium,Wallet,No,Completed,Suburban,Rural,Mini,12,0,50,12,196.88,429.1984,3.028923077,,No,,No,No,No,No,0,429.1984,
,4/15/2016 15:01,Business,Raleigh,Cary,15.2,Meeting,3.7,3.7,19.35,20,1.22,Clear,High,Card,Yes,Completed,Rural,Urban,Sedan,2,0,50,12,282.2,344.284,14.11,,No,,No,Yes,Yes,No,28.22,316.064,
,4/16/2016 13:17,Business,Cary,Morrisville,6,Errand/Supplies,3.9,4.3,21.41,6,1.66,Foggy,Low,Wallet,Yes,Completed,Suburban,Rural,Sedan,10,3,50,12,306.92,509.4872,51.15333333,,No,,No,Yes,No,No,30.692,478.7952,
,4/16/2016 15:26,Business,Morrisville,Cary,6.1,Meal/Entertain,4.3,4.6,1.13,86,2.56,Foggy,High,Wallet,No,Completed,Rural,Rural,Auto,5,1,50,12,63.56,162.7136,0.739069767,,No,,No,No,Yes,No,0,162.7136,
,4/19/2016 18:08,Business,Whitebridge,Wayne Ridge,8.2,Meal/Entertain,4.6,4.5,5.84,21,1.87,Stormy,Low,UPI,No,Completed,Urban,Suburban,Sedan,5,4,50,12,120.08,224.5496,5.718095238,,No,,No,No,No,Yes,0,224.5496,
,4/19/2016 20:19,Business,Wayne Ridge,Whitebridge,8,Meal/Entertain,4.5,4.6,21.68,34,2.26,Foggy,Medium,Wallet,No,Cancelled by Driver,Suburban,Suburban,Sedan,3,1,50,12,310.16,700.9616,9.122352941,,No,,No,Yes,No,Yes,0,700.9616,
,4/22/2016 9:04,Business,Cary,Raleigh,13.6,Meeting,3.9,3.9,20.33,107,2.29,Foggy,High,Card,Yes,Completed,Rural,Suburban,Auto,3,1,50,12,293.96,673.1684,2.74728972,,No,,No,Yes,Yes,No,29.396,643.7724,
,4/22/2016 10:40,Business,Raleigh,Cary,22.5,Meeting,4.9,4.6,29.02,17,2.69,Foggy,Medium,Card,No,Cancelled by Passenger,Rural,Rural,SUV,13,0,50,12,398.24,1071.2656,23.42588235,,No,,No,Yes,No,Yes,0,1071.2656,
,4/22/2016 12:28,Business,Cary,Durham,10.4,Meeting,4.6,3.2,23.07,100,1.65,Foggy,Medium,Cash,Yes,Cancelled by Driver,Suburban,Rural,Sedan,12,3,50,12,326.84,539.286,3.2684,,No,,No,Yes,No,Yes,32.684,506.602,
,4/22/2016 13:26,Business,Durham,Cary,10,Meeting,4.3,4.1,28.57,118,2.37,Rainy,Low,Cash,No,Cancelled by Passenger,Urban,Urban,SUV,3,3,50,12,392.84,931.0308,3.329152542,,No,,No,Yes,No,No,0,931.0308,
,4/23/2016 17:16,Business,Whitebridge,Tanglewood,6,Meal/Entertain,4.4,3,21.37,97,2.92,Rainy,High,UPI,Yes,Completed,Suburban,Rural,Mini,6,1,50,12,306.44,894.8048,3.159175258,,No,,No,Yes,Yes,No,30.644,864.1608,
,4/23/2016 19:05,Business,Tanglewood,Whitebridge,6.5,Meal/Entertain,4.1,3.6,9.64,114,2.46,Rainy,Medium,Card,No,Completed,Rural,Rural,Sedan,14,1,50,12,165.68,407.5728,1.453333333,,No,,No,No,No,No,0,407.5728,
,4/24/2016 19:16,Business,Cary,Morrisville,3.1,Errand/Supplies,3.9,3.7,4.06,98,1.98,Rainy,Low,Card,Yes,Cancelled by Passenger,Urban,Suburban,Mini,4,2,50,12,98.72,195.4656,1.007346939,,No,,No,No,No,No,9.872,185.5936,
,4/24/2016 19:52,Business,Chessington,Chessington,1.9,Errand/Supplies,4,3.8,23.67,86,2.26,Clear,Low,Card,Yes,Cancelled by Passenger,Suburban,Suburban,Mini,13,0,50,12,334.04,754.9304,3.884186047,,No,,No,Yes,No,No,33.404,721.5264,
,4/24/2016 21:50,Business,Morrisville,Cary,4.2,Between Offices,4.6,4.4,19.68,17,2.48,Rainy,Low,UPI,No,Cancelled by Passenger,Rural,Suburban,SUV,3,4,50,12,286.16,709.6768,16.83294118,,No,,No,Yes,No,Yes,0,709.6768,
,4/27/2016 13:40,Business,Whitebridge,Burtrose,4.9,Between Offices,3.5,3.8,2.4,47,2.22,Foggy,Medium,Card,No,Cancelled by Driver,Suburban,Suburban,Auto,2,4,50,12,78.8,174.936,1.676595745,,No,,No,No,No,No,0,174.936,
,4/27/2016 14:25,Business,Burtrose,Whitebridge,4.8,Between Offices,3.7,3.9,11.44,89,1.03,Rainy,Low,Cash,Yes,Completed,Urban,Suburban,Sedan,13,3,50,12,187.28,192.8984,2.104269663,,No,,No,No,No,No,18.728,174.1704,
,4/28/2016 12:34,Business,Cary,Raleigh,12.4,Customer Visit,3.6,3.5,28.75,98,1.39,Rainy,High,UPI,No,Cancelled by Passenger,Urban,Urban,SUV,3,0,50,12,395,549.05,4.030612245,,No,,No,Yes,Yes,No,0,549.05,
,4/28/2016 13:49,Business,Raleigh,Cary,32.8,Customer Visit,3.6,3.7,15.51,25,2.62,Stormy,High,Cash,Yes,Completed,Urban,Urban,Auto,4,3,50,12,236.12,618.6344,9.4448,,No,,No,Yes,Yes,No,23.612,595.0224,
,4/28/2016 22:28,Business,Morrisville,Cary,5.5,Customer Visit,4.8,3.5,13.55,116,1.55,Foggy,Medium,Cash,No,Cancelled by Passenger,Urban,Urban,Mini,6,4,50,12,212.6,329.53,1.832758621,,No,,No,No,No,Yes,0,329.53,
,4/29/2016 12:01,Business,Cary,Durham,9.9,Meeting,4.6,3.1,14.27,59,2.46,Rainy,High,UPI,No,Completed,Urban,Suburban,Sedan,4,1,50,12,221.24,544.2504,3.749830508,,No,,No,No,Yes,Yes,0,544.2504,
,4/29/2016 13:34,Business,Durham,Cary,10,Meeting,4.2,4.2,7.06,85,1.74,Rainy,Low,Wallet,Yes,Cancelled by Driver,Suburban,Suburban,Mini,8,0,50,12,134.72,234.4128,1.584941176,,No,,No,No,No,No,13.472,220.9408,
,4/29/2016 19:18,Business,Cary,Durham,14.2,Customer Visit,3.6,4.3,11.69,44,2.04,Rainy,Medium,Wallet,No,Completed,Urban,Suburban,Mini,3,0,50,12,190.28,388.1712,4.324545455,,No,,No,No,No,No,0,388.1712,
,4/29/2016 23:19,Business,Durham,Cary,18.2,Meeting,4.2,4.2,11.72,87,1.14,Clear,Low,Cash,No,Cancelled by Passenger,Urban,Urban,Sedan,12,2,50,12,190.64,217.3296,2.191264368,,No,,No,No,No,No,0,217.3296,
,4/30/2016 18:57,Business,Whitebridge,Waverly Place,7.7,Meal/Entertain,4.2,3.9,2.52,19,1.36,Rainy,Medium,Wallet,Yes,Completed,Rural,Suburban,Auto,3,1,50,12,80.24,109.1264,4.223157895,,No,,No,No,No,No,8.024,101.1024,
,4/30/2016 22:34,Business,Waverly Place,Whitebridge,6.8,,3.8,3.8,23.26,77,2.91,Stormy,Medium,Card,Yes,Cancelled by Driver,Urban,Urban,Auto,3,1,50,12,329.12,957.7392,4.274285714,,No,,No,Yes,No,No,32.912,924.8272,
01-05-2016 13:45,05-01-2016 13:53,Business,Whitebridge,Westpark Place,2.1,Meal/Entertain,4.2,4.7,13.08,56,2.78,Foggy,Low,UPI,No,Cancelled by Driver,Rural,Suburban,Sedan,8,3,50,12,206.96,575.3488,3.695714286,13,No,Sunday,Yes,No,No,No,0,575.3488,
01-05-2016 14:26,05-01-2016 14:31,Business,Westpark Place,Whitebridge,2.3,,4.1,4,24.84,78,2.3,Foggy,High,Cash,Yes,Completed,Rural,Rural,Sedan,4,0,50,12,348.08,800.584,4.462564103,14,No,Sunday,Yes,Yes,Yes,No,34.808,765.776,
01-05-2016 17:33,05-01-2016 17:45,Business,Whitebridge,Tanglewood,6.2,Between Offices,4.4,4,25.66,112,1.92,Rainy,High,Card,No,Cancelled by Passenger,Rural,Urban,SUV,1,3,50,12,357.92,687.2064,3.195714286,17,Yes,Sunday,Yes,Yes,Yes,No,0,687.2064,
01-05-2016 17:54,05-01-2016 18:10,Business,Tanglewood,Parkway,7.5,Meeting,4.5,3.1,7.15,99,2.35,Rainy,Medium,Wallet,No,Cancelled by Driver,Suburban,Rural,SUV,2,1,50,12,135.8,319.13,1.371717172,17,Yes,Sunday,Yes,No,No,Yes,0,319.13,
01-05-2016 22:38,05-01-2016 22:49,Business,Parkway,Whitebridge,3.1,Errand/Supplies,3.6,3.7,20.06,57,2.24,Rainy,Low,Card,Yes,Cancelled by Driver,Suburban,Urban,Mini,13,2,50,12,290.72,651.2128,5.100350877,22,No,Sunday,Yes,Yes,No,No,29.072,622.1408,
02-05-2016 14:14,05-02-2016 14:21,Business,Whitebridge,Westpark Place,2.2,Errand/Supplies,4.1,3.8,14.7,91,2.14,Foggy,Low,Wallet,Yes,Completed,Rural,Suburban,Sedan,14,0,50,12,226.4,484.496,2.487912088,14,No,Monday,No,No,No,No,22.64,461.856,
02-05-2016 15:37,05-02-2016 15:48,Business,Westpark Place,Whitebridge,3.9,Meal/Entertain,4.4,3.8,26.52,56,1.12,Foggy,Medium,Cash,Yes,Cancelled by Driver,Suburban,Suburban,Auto,10,1,50,12,368.24,412.4288,6.575714286,15,No,Monday,No,Yes,No,No,36.824,375.6048,
03-05-2016 22:20,05-03-2016 22:28,Business,Morrisville,Cary,2.5,Meal/Entertain,4.3,4.2,7.26,34,2.27,Clear,High,Card,Yes,Cancelled by Driver,Urban,Rural,Mini,13,2,50,12,137.12,311.2624,4.032941176,22,No,Tuesday,No,No,Yes,No,13.712,297.5504,
04-05-2016 15:16,05-04-2016 15:37,Business,Cary,Morrisville,8.7,Meal/Entertain,4.8,4.1,20.66,37,2.54,Stormy,Low,UPI,Yes,Cancelled by Passenger,Suburban,Suburban,Mini,13,4,50,12,297.92,756.7168,8.051891892,15,No,Wednesday,No,Yes,No,Yes,29.792,726.9248,
04-05-2016 20:55,05-04-2016 21:14,Business,Mcvan,Capitol One,14.5,Errand/Supplies,4.5,4.2,18.62,61,2.99,Clear,High,Cash,Yes,Cancelled by Passenger,Urban,Urban,Mini,14,1,50,12,273.44,817.5856,4.482622951,20,Yes,Wednesday,No,Yes,Yes,Yes,27.344,790.2416,
04-05-2016 21:30,05-04-2016 21:36,Business,Capitol One,University District,4.5,Meal/Entertain,3.7,4.5,9.56,56,1.02,Stormy,High,Card,No,Cancelled by Passenger,Urban,Suburban,Mini,2,4,50,12,164.72,168.0144,2.941428571,21,No,Wednesday,No,No,Yes,No,0,168.0144,
04-05-2016 22:19,05-04-2016 22:27,Business,University District,Capitol One,5,Meal/Entertain,3.6,4.6,4.96,13,2.46,Clear,Medium,Card,No,Completed,Suburban,Suburban,Auto,14,3,50,12,109.52,269.4192,8.424615385,22,No,Wednesday,No,No,No,No,0,269.4192,
05-05-2016 21:24,05-05-2016 21:36,Business,Seattle,Redmond,14.2,Meal/Entertain,4.5,4.4,19.9,58,2.14,Foggy,Medium,Wallet,Yes,Cancelled by Driver,Suburban,Urban,Mini,3,4,50,12,288.8,618.032,4.979310345,21,No,Thursday,No,Yes,No,Yes,28.88,589.152,
05-05-2016 22:34,05-05-2016 22:40,Business,Redmond,Bellevue,2.9,Errand/Supplies,3.5,4.9,22.42,115,1.87,Clear,High,Cash,No,Completed,Rural,Rural,Sedan,6,1,50,12,319.04,596.6048,2.77426087,22,No,Thursday,No,Yes,Yes,No,0,596.6048,
05-05-2016 23:55,05-06-2016 00:08,Business,Bellevue,Seattle,12.9,Meeting,4.4,3,10.15,5,1.26,Stormy,Low,Cash,No,Cancelled by Driver,Suburban,Rural,SUV,8,4,50,12,171.8,216.468,34.36,23,No,Thursday,No,No,No,No,0,216.468,
06-05-2016 05:47,05-06-2016 06:02,Business,Capitol One,Mcvan,14.4,Meeting,4.9,3.4,19.7,48,1.82,Rainy,Low,Cash,No,Cancelled by Driver,Suburban,Suburban,Auto,12,0,50,12,286.4,521.248,5.966666667,5,No,Friday,No,Yes,No,Yes,0,521.248,
06-05-2016 16:45,05-06-2016 16:59,Business,Chapel Hill,Morrisville,17,Meeting,4.4,3,12.46,103,1.71,Stormy,Medium,Cash,No,Cancelled by Driver,Suburban,Urban,Sedan,1,1,50,12,199.52,341.1792,1.937087379,16,No,Friday,No,No,No,No,0,341.1792,
06-05-2016 17:18,05-06-2016 17:44,Business,Morrisville,Cary,7.9,Customer Visit,4.1,4.3,21.68,79,1.61,Rainy,High,Wallet,Yes,Cancelled by Passenger,Urban,Rural,Sedan,9,2,50,12,310.16,499.3576,3.926075949,17,Yes,Friday,No,Yes,Yes,No,31.016,468.3416,
09-05-2016 06:08,05-09-2016 06:25,Business,Cary,Morrisville,8.4,Customer Visit,4.5,4.8,6.78,102,2.46,Foggy,Low,UPI,No,Completed,Urban,Rural,Sedan,1,4,50,12,131.36,323.1456,1.287843137,6,No,Monday,No,No,No,Yes,0,323.1456,
09-05-2016 14:39,05-09-2016 15:06,Business,San Francisco,Palo Alto,20.5,Between Offices,4.2,3.5,26.82,84,2.4,Stormy,Low,Cash,No,Completed,Urban,Suburban,SUV,10,0,50,12,371.84,892.416,4.426666667,14,No,Monday,No,Yes,No,No,0,892.416,
09-05-2016 17:58,05-09-2016 18:26,Business,Palo Alto,Sunnyvale,9.8,Customer Visit,4.3,4.9,9.33,13,2.18,Clear,Medium,Wallet,Yes,Cancelled by Driver,Rural,Urban,SUV,2,3,50,12,161.96,353.0728,12.45846154,17,Yes,Monday,No,No,No,No,16.196,336.8768,
09-05-2016 19:35,05-09-2016 19:59,Business,Sunnyvale,Newark,17.6,Customer Visit,4.9,3.1,11.67,36,2.88,Stormy,High,UPI,Yes,Completed,Rural,Rural,SUV,3,3,50,12,190.04,547.3152,5.278888889,19,Yes,Monday,No,No,Yes,Yes,19.004,528.3112,
10-05-2016 09:03,05-10-2016 09:20,Business,Newark,Menlo Park,9.3,Customer Visit,4.1,4.9,2.68,19,1.7,Rainy,Low,UPI,Yes,Cancelled by Passenger,Rural,Suburban,Sedan,7,4,50,12,82.16,139.672,4.324210526,9,Yes,Tuesday,No,No,No,No,8.216,131.456,
10-05-2016 17:19,05-10-2016 17:31,Business,Menlo Park,Newark,7.9,Customer Visit,4.9,3.7,4.23,16,1.49,Foggy,Medium,Wallet,Yes,Completed,Urban,Suburban,SUV,9,3,50,12,100.76,150.1324,6.2975,17,Yes,Tuesday,No,No,No,Yes,10.076,140.0564,
11-05-2016 08:35,05-11-2016 09:12,Business,Newark,San Francisco,25.6,Meeting,4.9,3.2,15.96,101,2.31,Clear,Low,Cash,No,Cancelled by Driver,Suburban,Suburban,Mini,3,2,50,12,241.52,557.9112,2.391287129,8,Yes,Wednesday,No,Yes,No,Yes,0,557.9112,
11-05-2016 21:47,05-11-2016 22:04,Business,Morrisville,Cary,8.1,Meeting,3.8,4,8.76,113,1.4,Stormy,Low,UPI,Yes,Cancelled by Passenger,Rural,Suburban,SUV,8,1,50,12,155.12,217.168,1.372743363,21,No,Wednesday,No,No,No,No,15.512,201.656,
,5/14/2016 18:39,Business,Cary,Morrisville,3.1,Meal/Entertain,3.6,3.5,25.23,82,1.63,Rainy,Low,Cash,No,Cancelled by Passenger,Rural,Rural,Auto,9,0,50,12,352.76,574.9988,4.30195122,,No,,No,Yes,No,No,0,574.9988,
,5/14/2016 23:05,Business,Morrisville,Cary,3.1,Meal/Entertain,3.7,3.6,1.43,61,1.45,Clear,Medium,Cash,No,Cancelled by Driver,Urban,Urban,Sedan,10,4,50,12,67.16,97.382,1.100983607,,No,,No,No,No,No,0,97.382,
,5/17/2016 13:23,Business,Whitebridge,Preston,2.8,Errand/Supplies,3.5,3.6,11.99,12,1.14,Foggy,High,Card,Yes,Completed,Rural,Suburban,Sedan,7,3,50,12,193.88,221.0232,16.15666667,,No,,No,No,Yes,No,19.388,201.6352,
,5/17/2016 14:08,Business,Preston,Westpark Place,2.7,Errand/Supplies,3.6,4.6,10.78,76,2.65,Clear,Medium,Cash,Yes,Cancelled by Driver,Suburban,Suburban,Mini,4,1,50,12,179.36,475.304,2.36,,No,,No,No,No,No,17.936,457.368,
,5/17/2016 14:40,Business,Westpark Place,Whitebridge,1.9,Errand/Supplies,4.5,4.1,1.56,31,1.51,Foggy,High,Card,Yes,Completed,Urban,Rural,SUV,4,2,50,12,68.72,103.7672,2.216774194,,No,,No,No,Yes,Yes,6.872,96.8952,
,5/18/2016 9:41,Business,Cary,Morrisville,8.4,Customer Visit,3.6,3.6,4.61,66,1.95,Clear,Low,UPI,Yes,Completed,Urban,Suburban,SUV,4,3,50,12,105.32,205.374,1.595757576,,No,,No,No,No,No,10.532,194.842,
,5/18/2016 13:02,Business,Morrisville,Raleigh,7.6,Customer Visit,4,4.2,13,16,1.09,Stormy,High,Wallet,Yes,Cancelled by Passenger,Suburban,Suburban,Auto,6,3,50,12,206,224.54,12.875,,No,,No,No,Yes,No,20.6,203.94,
,5/19/2016 15:01,Business,Old City,Parkway Museums,2.9,Meal/Entertain,4.8,4.4,15.29,69,2.4,Rainy,Low,Card,Yes,Cancelled by Driver,Suburban,Urban,Mini,4,0,50,12,233.48,560.352,3.383768116,,No,,No,Yes,No,Yes,23.348,537.004,
,5/20/2016 11:07,Business,Old City,Hog Island,11.2,Meeting,3.5,3.5,12.72,111,1.66,Stormy,Low,Wallet,No,Cancelled by Passenger,Suburban,Suburban,Auto,5,2,50,12,202.64,336.3824,1.825585586,,No,,No,No,No,No,0,336.3824,
,5/20/2016 16:12,Business,Morrisville,Cary,8.2,Meal/Entertain,4.7,3.8,16.4,108,2.49,Stormy,Medium,UPI,No,Cancelled by Driver,Rural,Rural,Auto,9,2,50,12,246.8,614.532,2.285185185,,No,,No,Yes,No,Yes,0,614.532,
,5/22/2016 15:46,Business,Cary,Morrisville,3,Meal/Entertain,3.9,3.2,18.26,46,1.82,Foggy,Low,Cash,No,Cancelled by Driver,Suburban,Urban,Sedan,12,4,50,12,269.12,489.7984,5.850434783,,No,,No,Yes,No,No,0,489.7984,
,5/22/2016 18:53,Business,Morrisville,Cary,2.5,Meal/Entertain,3.7,3.4,1.29,66,1.39,Foggy,Medium,UPI,No,Cancelled by Passenger,Urban,Rural,Sedan,7,0,50,12,65.48,91.0172,0.992121212,,No,,No,No,No,No,0,91.0172,
,5/23/2016 20:27,Business,Whitebridge,Savon Height,3.6,Meal/Entertain,4.5,4.4,14.46,119,2.03,Foggy,High,Wallet,Yes,Cancelled by Driver,Suburban,Urban,SUV,8,4,50,12,223.52,453.7456,1.878319328,,No,,No,No,Yes,Yes,22.352,431.3936,
,5/23/2016 21:21,Business,Savon Height,Whitebridge,3.6,Errand/Supplies,4.4,3.4,28.94,15,1.26,Stormy,High,UPI,Yes,Cancelled by Driver,Urban,Urban,SUV,5,0,50,12,397.28,500.5728,26.48533333,,No,,No,Yes,Yes,No,39.728,460.8448,
,5/27/2016 20:30,Business,Whitebridge,Kildaire Farms,4.5,Errand/Supplies,4.8,4.1,16.05,107,1.88,Clear,Low,Cash,No,Completed,Urban,Suburban,Auto,5,2,50,12,242.6,456.088,2.26728972,,No,,No,Yes,No,Yes,0,456.088,
,5/27/2016 20:53,Business,Savon Height,Kilarney Woods,1.2,,4.6,4.4,20.65,47,1.63,Clear,Medium,UPI,No,Cancelled by Driver,Rural,Suburban,SUV,13,0,50,12,297.8,485.414,6.336170213,,No,,No,Yes,No,Yes,0,485.414,
,5/27/2016 22:14,Business,Kilarney Woods,Kildaire Farms,1.7,Errand/Supplies,4.7,3.2,10.04,99,2.82,Stormy,Low,Cash,No,Cancelled by Driver,Suburban,Suburban,Auto,11,0,50,12,170.48,480.7536,1.722020202,,No,,No,No,No,Yes,0,480.7536,
,5/28/2016 0:21,Business,Kilarney Woods,Whitebridge,4.7,Errand/Supplies,3.9,4.1,23.45,21,1.12,Stormy,Medium,Card,Yes,Cancelled by Passenger,Rural,Rural,SUV,7,0,50,12,331.4,371.168,15.78095238,,No,,No,Yes,No,No,33.14,338.028,
,5/28/2016 13:06,Business,Cary,Morrisville,6.1,Meal/Entertain,3.8,3.5,23.41,101,2.39,Rainy,Medium,Wallet,Yes,Cancelled by Passenger,Suburban,Suburban,SUV,11,1,50,12,330.92,790.8988,3.276435644,,No,,No,Yes,No,No,33.092,757.8068,
,5/28/2016 15:04,Business,Morrisville,Cary,11.3,Customer Visit,4.6,4.9,16.12,36,1.37,Foggy,Medium,Cash,Yes,Cancelled by Driver,Suburban,Suburban,Sedan,13,1,50,12,243.44,333.5128,6.762222222,,No,,No,Yes,No,Yes,24.344,309.1688,
,5/31/2016 14:41,Business,Cary,Raleigh,14.9,Meeting,4.7,4,29.3,97,1.64,Foggy,High,Cash,No,Completed,Suburban,Urban,Sedan,14,2,50,12,401.6,658.624,4.140206186,,No,,No,Yes,Yes,Yes,0,658.624,
,5/31/2016 16:39,Business,Raleigh,Cary,14,Meeting,5,4.6,4.64,89,1.83,Stormy,Medium,UPI,No,Completed,Suburban,Suburban,Sedan,12,0,50,12,105.68,193.3944,1.18741573,,No,,No,No,No,Yes,0,193.3944,
,5/31/2016 17:59,Business,Westpark Place,Whitebridge,1.8,,4.1,4.1,1.49,89,2.82,Stormy,High,Card,Yes,Cancelled by Passenger,Suburban,Suburban,Sedan,8,2,50,12,67.88,191.4216,0.762696629,,No,,No,No,Yes,No,6.788,184.6336,
01-06-2016 10:19,06-01-2016 10:47,Business,Cary,Morrisville,6.7,Customer Visit,4.1,3.1,23.33,44,1.49,Clear,Medium,Cash,Yes,Cancelled by Driver,Urban,Suburban,Mini,9,1,50,12,329.96,491.6404,7.499090909,10,Yes,Wednesday,No,Yes,No,No,32.996,458.6444,
01-06-2016 13:10,06-01-2016 13:39,Business,Morrisville,Cary,9.6,Meeting,4.7,4.3,24.41,27,1.18,Stormy,High,Card,No,Cancelled by Driver,Urban,Suburban,Sedan,14,0,50,12,342.92,404.6456,12.70074074,13,No,Wednesday,No,Yes,Yes,Yes,0,404.6456,
03-06-2016 11:29,06-03-2016 11:49,Business,Cary,Durham,10.4,Meeting,4,4.9,4.49,60,1.64,Clear,High,Card,No,Completed,Suburban,Urban,Mini,2,4,50,12,103.88,170.3632,1.731333333,11,No,Friday,No,No,Yes,No,0,170.3632,
03-06-2016 13:08,06-03-2016 13:38,Business,Durham,Cary,9.9,Meeting,4.9,4.2,8.7,10,1.21,Stormy,High,UPI,Yes,Completed,Urban,Suburban,Sedan,3,1,50,12,154.4,186.824,15.44,13,No,Friday,No,No,Yes,Yes,15.44,171.384,
03-06-2016 15:31,06-03-2016 15:54,Business,Cary,Morrisville,6,Meal/Entertain,4.8,4.6,1.51,90,1.26,Rainy,Low,Cash,No,Completed,Rural,Urban,SUV,12,1,50,12,68.12,85.8312,0.756888889,15,No,Friday,No,No,No,Yes,0,85.8312,
03-06-2016 18:14,06-03-2016 18:29,Business,Townes at Everett Crossing,Chessington,3.3,Errand/Supplies,4.1,4.8,9.51,54,2.15,Rainy,Medium,UPI,Yes,Cancelled by Passenger,Rural,Rural,Auto,12,1,50,12,164.12,352.858,3.039259259,18,Yes,Friday,No,No,No,No,16.412,336.446,
03-06-2016 18:41,06-03-2016 18:53,Business,Morrisville,Cary,3.1,Errand/Supplies,4.6,3.5,23.42,106,1.12,Clear,Low,Wallet,Yes,Cancelled by Driver,Rural,Suburban,SUV,2,0,50,12,331.04,370.7648,3.123018868,18,Yes,Friday,No,Yes,No,Yes,33.104,337.6608,
03-06-2016 19:36,06-03-2016 19:42,Business,Huntington Woods,Weston,1.7,Errand/Supplies,4.6,3.4,16.02,41,1.06,Foggy,Medium,Wallet,No,Cancelled by Passenger,Suburban,Suburban,SUV,10,3,50,12,242.24,256.7744,5.908292683,19,Yes,Friday,No,Yes,No,Yes,0,256.7744,
03-06-2016 22:47,06-03-2016 23:06,Business,Morrisville,Cary,4,Between Offices,3.7,4.2,11.09,113,2.43,Rainy,Medium,Cash,No,Cancelled by Driver,Suburban,Suburban,Mini,7,4,50,12,183.08,444.8844,1.620176991,22,No,Friday,No,No,No,No,0,444.8844,
05-06-2016 14:03,06-05-2016 14:33,Business,Whitebridge,Savon Height,7.8,Customer Visit,4.9,3.8,11.78,68,1.72,Clear,Low,Card,No,Cancelled by Passenger,Urban,Urban,Sedan,12,4,50,12,191.36,329.1392,2.814117647,14,No,Sunday,Yes,No,No,Yes,0,329.1392,
05-06-2016 15:06,06-05-2016 15:22,Business,Cary,Morrisville,7.8,Customer Visit,4.3,4.7,1.04,119,1.25,Stormy,High,Cash,Yes,Cancelled by Driver,Urban,Suburban,Auto,2,2,50,12,62.48,78.1,0.525042017,15,No,Sunday,Yes,No,Yes,No,6.248,71.852,
05-06-2016 15:57,06-05-2016 16:08,Business,Weston,Weston,3.8,Meal/Entertain,4.7,4.8,9.69,58,1.51,Stormy,Medium,Cash,No,Completed,Urban,Suburban,Auto,12,0,50,12,166.28,251.0828,2.866896552,15,No,Sunday,Yes,No,No,Yes,0,251.0828,
05-06-2016 18:05,06-05-2016 18:14,Business,Morrisville,Cary,2.5,Meal/Entertain,4,3.7,19.75,76,2.28,Clear,High,Wallet,No,Completed,Rural,Rural,Sedan,14,1,50,12,287,654.36,3.776315789,18,Yes,Sunday,Yes,Yes,Yes,No,0,654.36,
05-06-2016 21:53,06-05-2016 22:05,Business,Cary,Durham,9.9,Meeting,4.8,3.5,29.25,109,1.55,Foggy,Low,Wallet,Yes,Completed,Rural,Urban,Mini,2,3,50,12,401,621.55,3.678899083,21,No,Sunday,Yes,Yes,No,Yes,40.1,581.45,
05-06-2016 23:52,06-06-2016 00:08,Business,Durham,Cary,9.9,Meeting,4.1,4.6,25.56,53,1.99,Clear,High,Card,Yes,Cancelled by Passenger,Rural,Urban,Mini,14,0,50,12,356.72,709.8728,6.730566038,23,No,Sunday,Yes,Yes,Yes,No,35.672,674.2008,
06-06-2016 15:36,06-06-2016 15:45,Business,Whitebridge,Hazelwood,3,Errand/Supplies,3.5,3.5,1.68,103,1.24,Clear,Medium,Card,No,Completed,Rural,Rural,Mini,14,0,50,12,70.16,86.9984,0.681165049,15,No,Monday,No,No,No,No,0,86.9984,
06-06-2016 16:16,06-06-2016 16:24,Business,Hazelwood,Whitebridge,2.4,Errand/Supplies,4.9,4.6,27.06,119,2.18,Rainy,Medium,Cash,Yes,Cancelled by Driver,Urban,Urban,Auto,2,3,50,12,374.72,816.8896,3.148907563,16,No,Monday,No,Yes,No,Yes,37.472,779.4176,
06-06-2016 20:06,06-06-2016 20:20,Business,Cary,Apex,5.7,Meal/Entertain,3.6,3.8,23.71,15,1.63,Clear,Medium,UPI,Yes,Cancelled by Passenger,Suburban,Suburban,Mini,12,1,50,12,334.52,545.2676,22.30133333,20,Yes,Monday,No,Yes,No,No,33.452,511.8156,
06-06-2016 21:08,06-06-2016 21:37,Business,Apex,Cary,7.2,Meal/Entertain,4,4.3,23.63,92,2.25,Clear,Low,Cash,Yes,Cancelled by Driver,Suburban,Suburban,Mini,13,0,50,12,333.56,750.51,3.625652174,21,No,Monday,No,Yes,No,No,33.356,717.154,
06-06-2016 21:41,06-06-2016 22:00,Business,Cary,Durham,10.4,Meeting,4.9,3.2,14.28,53,2.62,Stormy,Medium,Card,No,Cancelled by Passenger,Rural,Rural,Auto,4,4,50,12,221.36,579.9632,4.176603774,21,No,Monday,No,No,No,Yes,0,579.9632,
06-06-2016 23:34,06-06-2016 23:48,Business,Durham,Cary,9.9,Meeting,4.9,4.2,12.54,25,2.22,Rainy,Low,UPI,No,Cancelled by Driver,Suburban,Urban,Auto,1,4,50,12,200.48,445.0656,8.0192,23,No,Monday,No,No,No,Yes,0,445.0656,
07-06-2016 21:42,06-07-2016 22:00,Business,Cary,Durham,10.4,Meeting,4.4,3.9,9.78,119,1.59,Stormy,High,Wallet,Yes,Cancelled by Driver,Suburban,Urban,SUV,2,3,50,12,167.36,266.1024,1.406386555,21,No,Tuesday,No,No,Yes,No,16.736,249.3664,
07-06-2016 23:41,06-08-2016 00:04,Business,Durham,Cary,9.9,Meeting,4.4,4.2,2.91,70,1.51,Stormy,Medium,Card,Yes,Cancelled by Passenger,Suburban,Urban,Auto,3,1,50,12,84.92,128.2292,1.213142857,23,No,Tuesday,No,No,No,No,8.492,119.7372,
08-06-2016 08:23,06-08-2016 08:53,Business,Cary,Morrisville,8.7,Meal/Entertain,4.2,3.3,7.62,67,1.65,Foggy,Medium,Card,Yes,Cancelled by Passenger,Rural,Rural,Sedan,7,3,50,12,141.44,233.376,2.111044776,8,Yes,Wednesday,No,No,No,No,14.144,219.232,
08-06-2016 12:04,06-08-2016 13:01,Business,Jamaica,New York,22.3,Errand/Supplies,3.9,4.5,8.15,108,1.33,Foggy,Medium,UPI,No,Completed,Urban,Suburban,Auto,10,0,50,12,147.8,196.574,1.368518519,12,No,Wednesday,No,No,No,No,0,196.574,
08-06-2016 13:12,06-08-2016 13:29,Business,Seaport,Gramercy-Flatiron,3.3,Meal/Entertain,4,4.7,15.04,87,1.36,Rainy,High,Card,Yes,Completed,Urban,Rural,Auto,1,4,50,12,230.48,313.4528,2.649195402,13,No,Wednesday,No,Yes,Yes,No,23.048,290.4048,
08-06-2016 14:31,06-08-2016 14:37,Business,Medical Centre,Tudor City,0.7,Errand/Supplies,4.5,3.4,22.68,107,2.58,Rainy,Medium,Card,Yes,Cancelled by Driver,Suburban,Suburban,Mini,6,2,50,12,322.16,831.1728,3.010841121,14,No,Wednesday,No,Yes,No,Yes,32.216,798.9568,
08-06-2016 16:55,06-08-2016 17:11,Business,Rose Hill,Soho,2.5,Meal/Entertain,4.6,3.2,14.74,32,1.77,Foggy,Low,Card,No,Cancelled by Driver,Urban,Rural,SUV,3,3,50,12,226.88,401.5776,7.09,16,No,Wednesday,No,No,No,Yes,0,401.5776,
08-06-2016 17:16,06-08-2016 17:18,Business,Soho,Tribeca,0.5,Errand/Supplies,4.7,3,2.68,21,1.87,Foggy,High,Card,Yes,Cancelled by Driver,Urban,Suburban,Mini,3,2,50,12,82.16,153.6392,3.912380952,17,Yes,Wednesday,No,No,Yes,Yes,8.216,145.4232,
08-06-2016 17:59,06-08-2016 18:05,Business,Tribeca,Financial District,0.9,Errand/Supplies,4.7,4.3,28.78,10,2.19,Foggy,High,Card,No,Cancelled by Passenger,Rural,Urban,SUV,4,2,50,12,395.36,865.8384,39.536,17,Yes,Wednesday,No,Yes,Yes,Yes,0,865.8384,
08-06-2016 20:11,06-08-2016 20:25,Business,Financial District,Kips Bay,4.8,Errand/Supplies,3.6,4.2,28.34,23,2.18,Foggy,High,Card,No,Cancelled by Passenger,Rural,Urban,Mini,13,4,50,12,390.08,850.3744,16.96,20,Yes,Wednesday,No,Yes,Yes,No,0,850.3744,
10-06-2016 15:19,06-10-2016 16:28,Business,New York,Jamaica,16.3,Meeting,4.2,4.1,23.77,60,1.13,Foggy,High,Card,No,Completed,Suburban,Urban,Sedan,4,3,50,12,335.24,378.8212,5.587333333,15,No,Friday,No,Yes,Yes,No,0,378.8212,
10-06-2016 21:47,06-10-2016 22:04,Business,Cary,Durham,10.4,Meeting,3.6,3.5,29.75,106,2.66,Stormy,High,Card,Yes,Cancelled by Driver,Suburban,Rural,Mini,7,2,50,12,407,1082.62,3.839622642,21,No,Friday,No,Yes,Yes,No,40.7,1041.92,
10-06-2016 23:53,06-11-2016 00:01,Business,Durham,Cary,9.9,Meeting,4.3,3.8,16.79,32,1.35,Rainy,Low,Wallet,Yes,Completed,Suburban,Rural,Mini,3,0,50,12,251.48,339.498,7.85875,23,No,Friday,No,Yes,No,No,25.148,314.35,
11-06-2016 17:08,06-11-2016 17:16,Business,Cary,Morrisville,3.7,Errand/Supplies,4.2,4.2,28.92,70,2.45,Stormy,High,Card,No,Cancelled by Passenger,Rural,Rural,Sedan,8,1,50,12,397.04,972.748,5.672,17,Yes,Saturday,Yes,Yes,Yes,No,0,972.748,
11-06-2016 17:34,06-11-2016 17:39,Business,Morrisville,Cary,4.6,Meal/Entertain,4.8,4,3.19,42,2.55,Stormy,Medium,Wallet,Yes,Cancelled by Passenger,Urban,Urban,Sedan,8,1,50,12,88.28,225.114,2.101904762,17,Yes,Saturday,Yes,No,No,Yes,8.828,216.286,
11-06-2016 17:50,06-11-2016 17:56,Business,Westpark Place,Whitebridge,1.7,,4,5,11.6,41,2.43,Clear,High,Wallet,No,Cancelled by Passenger,Rural,Suburban,Auto,11,4,50,12,189.2,459.756,4.614634146,17,Yes,Saturday,Yes,No,Yes,No,0,459.756,
11-06-2016 21:45,06-11-2016 22:04,Business,Cary,Durham,10.4,Meeting,3.7,3.3,7.54,119,2.16,Stormy,High,Cash,Yes,Completed,Rural,Urban,Mini,13,3,50,12,140.48,303.4368,1.180504202,21,No,Saturday,Yes,No,Yes,No,14.048,289.3888,
11-06-2016 23:39,06-12-2016 00:05,Business,Durham,Cary,9.9,Meeting,3.7,4.4,6.68,72,1.03,Foggy,High,Cash,No,Cancelled by Passenger,Urban,Urban,Sedan,7,3,50,12,130.16,134.0648,1.807777778,23,No,Saturday,Yes,No,Yes,No,0,134.0648,
12-06-2016 19:53,06-12-2016 19:56,Business,Cary,Morrisville,2.5,Meal/Entertain,4.6,3.8,5.08,90,1.72,Foggy,High,Wallet,No,Cancelled by Driver,Urban,Suburban,Sedan,2,1,50,12,110.96,190.8512,1.232888889,19,Yes,Sunday,Yes,No,Yes,Yes,0,190.8512,
12-06-2016 20:05,06-12-2016 20:16,Business,Morrisville,Cary,4.3,Errand/Supplies,4.4,3.9,19.05,94,2.21,Clear,High,Wallet,Yes,Completed,Suburban,Suburban,Auto,5,0,50,12,278.6,615.706,2.963829787,20,Yes,Sunday,Yes,Yes,Yes,No,27.86,587.846,
12-06-2016 21:58,06-12-2016 22:19,Business,Parkway,Whitebridge,2.8,Errand/Supplies,3.7,4.4,23.66,53,1.77,Clear,Low,Card,Yes,Cancelled by Passenger,Urban,Suburban,SUV,6,1,50,12,333.92,591.0384,6.300377358,21,No,Sunday,Yes,Yes,No,No,33.392,557.6464,
,6/13/2016 5:42,Business,Cary,Morrisville,8.4,Meal/Entertain,3.6,4.4,17.77,47,2.73,Clear,Low,Cash,Yes,Completed,Urban,Suburban,Sedan,12,1,50,12,263.24,718.6452,5.600851064,,No,,No,Yes,No,No,26.324,692.3212,
,6/13/2016 14:46,Business,Oakland,Emeryville,13.2,Meeting,4.6,5,5.26,40,1.62,Clear,High,UPI,Yes,Completed,Urban,Urban,Sedan,10,3,50,12,113.12,183.2544,2.828,,No,,No,No,Yes,Yes,11.312,171.9424,
,6/13/2016 18:47,Business,Emeryville,Berkeley,3.9,Meal/Entertain,3.6,3.3,24.52,62,1.59,Clear,Low,Cash,No,Cancelled by Passenger,Urban,Rural,Mini,4,2,50,12,344.24,547.3416,5.552258065,,No,,No,Yes,No,No,0,547.3416,
,6/13/2016 19:23,Business,Berkeley,Oakland,5.1,Meal/Entertain,4.7,3.2,19.44,17,1.53,Stormy,Medium,Wallet,No,Cancelled by Passenger,Suburban,Urban,Auto,13,0,50,12,283.28,433.4184,16.66352941,,No,,No,Yes,No,Yes,0,433.4184,
,6/13/2016 20:05,Business,Oakland,Unknown Location,5.2,Customer Visit,4.6,4.4,12.26,56,1.67,Clear,High,Wallet,Yes,Completed,Suburban,Suburban,Mini,10,3,50,12,197.12,329.1904,3.52,,No,,No,No,Yes,Yes,19.712,309.4784,
,6/14/2016 12:21,Business,Emeryville,San Francisco,9.8,,3.6,4.2,20.55,62,2.11,Stormy,Medium,Card,Yes,Completed,Urban,Rural,SUV,5,1,50,12,296.6,625.826,4.783870968,,No,,No,Yes,No,No,29.66,596.166,
,6/14/2016 16:39,Business,San Francisco,Emeryville,11.6,Meeting,3.6,3.5,8.54,36,2.41,Rainy,Medium,Card,No,Cancelled by Passenger,Urban,Rural,Auto,14,2,50,12,152.48,367.4768,4.235555556,,No,,No,No,No,No,0,367.4768,
,6/14/2016 17:24,Business,Emeryville,Oakland,5.1,Meeting,5,3.2,11.01,85,2.33,Clear,High,Cash,Yes,Cancelled by Driver,Suburban,Urban,Mini,9,0,50,12,182.12,424.3396,2.142588235,,No,,No,No,Yes,Yes,18.212,406.1276,
,6/14/2016 17:57,Business,Downtown,Bay Farm Island,9.3,Errand/Supplies,4.1,3.2,27.61,109,2.62,Clear,Medium,Card,Yes,Completed,Suburban,Urban,Sedan,11,4,50,12,381.32,999.0584,3.498348624,,No,,No,Yes,No,No,38.132,960.9264,
,6/15/2016 2:06,Business,Kenner,New Orleans,12.4,Between Offices,4.1,4.8,9.42,104,2.77,Stormy,Medium,UPI,Yes,Completed,Urban,Urban,Sedan,7,0,50,12,163.04,451.6208,1.567692308,,No,,No,No,No,No,16.304,435.3168,
,6/15/2016 15:34,Business,CBD,Lower Garden District,1.9,Between Offices,4.7,3.4,14.63,64,2.63,Rainy,Medium,UPI,Yes,Cancelled by Driver,Rural,Rural,Auto,2,0,50,12,225.56,593.2228,3.524375,,No,,No,No,No,Yes,22.556,570.6668,
,6/15/2016 17:02,Business,Lower Garden District,Lakeview,6.4,Customer Visit,4.9,3.6,26.81,114,1.04,Stormy,High,Card,No,Cancelled by Passenger,Suburban,Rural,Sedan,11,1,50,12,371.72,386.5888,3.260701754,,No,,No,Yes,Yes,Yes,0,386.5888,
,6/15/2016 17:49,Personal,Lakeview,Storyville,5.5,,5,3.5,21.52,87,2.47,Stormy,High,UPI,No,Cancelled by Passenger,Suburban,Rural,Mini,1,1,50,12,308.24,761.3528,3.542988506,,No,,No,Yes,Yes,Yes,0,761.3528,
,6/15/2016 19:58,Business,Storyville,Faubourg Marigny,1.5,Meal/Entertain,4.6,3.7,2.8,62,1.42,Clear,Medium,UPI,Yes,Cancelled by Driver,Suburban,Suburban,Auto,2,4,50,12,83.6,118.712,1.348387097,,No,,No,No,No,Yes,8.36,110.352,
,6/16/2016 14:30,Business,New Orleans,Metairie,14.5,,4.1,3.1,5.27,103,1.27,Foggy,High,Cash,No,Cancelled by Passenger,Urban,Suburban,Sedan,3,4,50,12,113.24,143.8148,1.099417476,,No,,No,No,Yes,No,0,143.8148,
,6/16/2016 14:46,Business,Metairie,Kenner,2.7,,3.6,4,1.23,114,2.28,Foggy,High,UPI,Yes,Cancelled by Passenger,Urban,Urban,Sedan,11,4,50,12,64.76,147.6528,0.568070175,,No,,No,No,Yes,No,6.476,141.1768,
,6/16/2016 15:41,Business,Kenner,New Orleans,15,,4.7,3.1,19.3,108,1.64,Stormy,Medium,Wallet,Yes,Completed,Suburban,Rural,SUV,2,3,50,12,281.6,461.824,2.607407407,,No,,No,Yes,No,Yes,28.16,433.664,
,6/16/2016 19:56,Business,New Orleans,Kenner,12.9,,4.3,4.6,13.98,60,1.11,Clear,High,Wallet,Yes,Completed,Urban,Urban,SUV,11,3,50,12,217.76,241.7136,3.629333333,,No,,No,No,Yes,No,21.776,219.9376,
,6/16/2016 21:56,Business,Kenner,New Orleans,13.6,,4.1,3.5,4.89,32,1.28,Rainy,Low,Cash,No,Completed,Urban,Rural,Auto,3,1,50,12,108.68,139.1104,3.39625,,No,,No,No,No,No,0,139.1104,
,6/17/2016 16:44,Business,New Orleans,Kenner,12.2,,4.9,4.1,28.78,5,1,Foggy,High,Card,No,Cancelled by Driver,Suburban,Urban,SUV,10,1,50,12,395.36,395.36,79.072,,No,,No,Yes,Yes,Yes,0,395.36,
,6/18/2016 0:51,Business,Morrisville,Cary,8.7,,3.7,4.8,16.36,46,2.81,Rainy,Low,Cash,No,Cancelled by Passenger,Urban,Suburban,Mini,11,4,50,12,246.32,692.1592,5.354782609,,No,,No,Yes,No,No,0,692.1592,
,6/19/2016 2:50,Business,Cary,Raleigh,6,,4.2,4.3,8.01,86,1.05,Foggy,Medium,Card,No,Cancelled by Passenger,Rural,Rural,Sedan,11,3,50,12,146.12,153.426,1.699069767,,No,,No,No,No,No,0,153.426,
,6/19/2016 6:00,Business,Raleigh,Cary,5.9,,3.5,4.1,15.52,52,1.42,Clear,High,Card,No,Completed,Urban,Suburban,Sedan,12,2,50,12,236.24,335.4608,4.543076923,,No,,No,Yes,Yes,No,0,335.4608,
,6/21/2016 16:08,Business,Cary,Raleigh,19.3,,4.2,3.6,20.71,44,1.83,Stormy,Medium,Card,Yes,Completed,Urban,Rural,Sedan,14,3,50,12,298.52,546.2916,6.784545455,,No,,No,Yes,No,No,29.852,516.4396,
,6/21/2016 18:02,Business,Raleigh,Cary,16.6,Meal/Entertain,3.6,3.7,3.21,101,1.71,Rainy,Medium,Card,Yes,Cancelled by Driver,Suburban,Urban,Auto,12,1,50,12,88.52,151.3692,0.876435644,,No,,No,No,No,No,8.852,142.5172,
,6/24/2016 10:57,Business,Whitebridge,Waverly Place,7.1,Meal/Entertain,3.7,4.3,8.97,67,2.82,Rainy,Medium,Card,No,Cancelled by Passenger,Suburban,Rural,Auto,9,3,50,12,157.64,444.5448,2.352835821,,No,,No,No,No,No,0,444.5448,
,6/24/2016 12:01,Business,Waverly Place,Macgregor Downs,2.1,Meal/Entertain,3.7,5,24.4,80,1.08,Stormy,Medium,Cash,No,Cancelled by Driver,Rural,Suburban,SUV,4,1,50,12,342.8,370.224,4.285,,No,,No,Yes,No,No,0,370.224,
,6/24/2016 12:37,Business,Cary,Raleigh,8.6,Errand/Supplies,4.5,4.3,14.33,76,2.02,Rainy,Medium,Card,No,Cancelled by Passenger,Urban,Rural,Sedan,12,4,50,12,221.96,448.3592,2.920526316,,No,,No,No,No,Yes,0,448.3592,
,6/24/2016 13:12,Business,Raleigh,Morrisville,9,Errand/Supplies,4.6,4.1,16.85,92,2.36,Foggy,High,UPI,Yes,Cancelled by Driver,Rural,Urban,Sedan,9,4,50,12,252.2,595.192,2.741304348,,No,,No,Yes,Yes,Yes,25.22,569.972,
,6/24/2016 13:27,Business,Morrisville,Cary,3.1,Errand/Supplies,4.4,4.5,13.55,84,2.86,Stormy,Low,UPI,No,Completed,Rural,Rural,Sedan,11,4,50,12,212.6,608.036,2.530952381,,No,,No,No,No,No,0,608.036,
,6/24/2016 14:20,Business,Cary,Morrisville,8.4,Temporary Site,4.9,3.9,2.27,118,2.24,Foggy,High,Card,Yes,Cancelled by Driver,Suburban,Suburban,Sedan,3,2,50,12,77.24,173.0176,0.654576271,,No,,No,No,Yes,Yes,7.724,165.2936,
,6/24/2016 21:02,Business,Kenner,New Orleans,12.8,,4.1,3.1,5.81,8,2.61,Foggy,High,UPI,Yes,Cancelled by Driver,Urban,Urban,Sedan,12,2,50,12,119.72,312.4692,14.965,,No,,No,No,Yes,No,11.972,300.4972,
,6/25/2016 9:12,Business,CBD,Bywater,4.5,,3.9,4.1,13.92,42,1.17,Clear,High,Wallet,No,Completed,Suburban,Suburban,Mini,1,1,50,12,217.04,253.9368,5.167619048,,No,,No,No,Yes,No,0,253.9368,
,6/25/2016 10:08,Business,New Orleans,Chalmette,11.8,Between Offices,4.8,4.9,7.07,112,1.77,Foggy,High,Cash,Yes,Cancelled by Passenger,Rural,Rural,Sedan,11,0,50,12,134.84,238.6668,1.203928571,,No,,No,No,Yes,Yes,13.484,225.1828,
,6/25/2016 10:25,Business,Chalmette,Arabi,1.1,Errand/Supplies,3.8,3.4,2.45,31,1.75,Clear,Low,Cash,Yes,Cancelled by Passenger,Rural,Suburban,Mini,5,2,50,12,79.4,138.95,2.561290323,,No,,No,No,No,No,7.94,131.01,
,6/25/2016 11:18,Business,Arabi,Metairie,17,Meal/Entertain,4.9,4.4,25.47,13,2.77,Rainy,High,Card,No,Completed,Suburban,Rural,Sedan,10,1,50,12,355.64,985.1228,27.35692308,,No,,No,Yes,Yes,Yes,0,985.1228,
,6/25/2016 11:34,Business,Pontchartrain Shores,Pontchartrain Shores,1.7,Meeting,3.5,3.4,29.45,115,1.3,Rainy,Medium,Card,Yes,Cancelled by Driver,Suburban,Urban,Auto,10,3,50,12,403.4,524.42,3.507826087,,No,,No,Yes,No,No,40.34,484.08,
,6/25/2016 13:21,Business,Metairie,New Orleans,15.5,Meeting,5,4.1,24,20,1.3,Clear,High,Wallet,No,Cancelled by Driver,Suburban,Suburban,Auto,14,4,50,12,338,439.4,16.9,,No,,No,Yes,Yes,Yes,0,439.4,
,6/25/2016 19:58,Business,Storyville,Marigny,1.6,,3.6,3.2,25.76,60,1.66,Foggy,High,Card,Yes,Cancelled by Driver,Suburban,Suburban,Mini,2,4,50,12,359.12,596.1392,5.985333333,,No,,No,Yes,Yes,No,35.912,560.2272,
,6/25/2016 23:26,Business,Marigny,Storyville,1.5,,4.8,3.9,8.02,80,1.11,Stormy,Low,UPI,No,Cancelled by Passenger,Suburban,Rural,Sedan,4,4,50,12,146.24,162.3264,1.828,,No,,No,No,No,Yes,0,162.3264,
,6/26/2016 18:18,Business,New Orleans,Kenner,12.6,Meeting,4.3,4.5,28.86,35,1.36,Stormy,Low,Wallet,No,Cancelled by Driver,Rural,Suburban,Auto,2,1,50,12,396.32,538.9952,11.32342857,,No,,No,Yes,No,No,0,538.9952,
,6/26/2016 19:12,Business,Pontchartrain Shores,Pontchartrain Shores,4.8,,5,3.7,6.71,92,2.93,Clear,Medium,UPI,Yes,Cancelled by Passenger,Suburban,Suburban,Auto,2,4,50,12,130.52,382.4236,1.418695652,,No,,No,No,No,Yes,13.052,369.3716,
,6/26/2016 19:50,Business,Kenner,Kenner,2.2,,3.6,4.3,28.59,18,1.86,Rainy,High,Cash,No,Cancelled by Driver,Urban,Urban,Sedan,13,2,50,12,393.08,731.1288,21.83777778,,No,,No,Yes,Yes,No,0,731.1288,
,6/26/2016 21:42,Business,Kenner,New Orleans,13,,4.3,4.6,29.85,113,2.26,Rainy,High,UPI,Yes,Completed,Rural,Rural,Sedan,3,3,50,12,408.2,922.532,3.612389381,,No,,No,Yes,Yes,No,40.82,881.712,
,6/27/2016 8:48,Business,New Orleans,Covington,46.9,,5,4.9,21.64,29,2.45,Stormy,High,Cash,Yes,Completed,Rural,Rural,Auto,5,4,50,12,309.68,758.716,10.67862069,,No,,No,Yes,Yes,Yes,30.968,727.748,
,6/27/2016 9:00,Business,Covington,Covington,2.5,,4.3,3.5,29.45,38,1.73,Clear,Medium,UPI,No,Cancelled by Passenger,Urban,Urban,Sedan,4,1,50,12,403.4,697.882,10.61578947,,No,,No,Yes,No,No,0,697.882,
,6/27/2016 9:33,Business,Covington,Covington,8.6,,4.4,3.8,17.52,71,1.29,Stormy,Low,Cash,Yes,Cancelled by Passenger,Urban,Urban,SUV,2,3,50,12,260.24,335.7096,3.665352113,,No,,No,Yes,No,No,26.024,309.6856,
,6/27/2016 10:08,Business,Covington,Covington,5.2,,4.5,3.3,8.53,28,1.41,Foggy,Medium,Card,No,Completed,Rural,Rural,Sedan,11,4,50,12,152.36,214.8276,5.441428571,,No,,No,No,No,Yes,0,214.8276,
,6/27/2016 10:39,Business,Covington,Covington,7.6,,4.2,5,13.67,110,1.63,Foggy,High,UPI,Yes,Completed,Suburban,Urban,Auto,14,0,50,12,214.04,348.8852,1.945818182,,No,,No,No,Yes,No,21.404,327.4812,
,6/27/2016 10:58,Business,Covington,Covington,1.8,,4.4,4.9,18.21,77,2.27,Clear,Low,Cash,Yes,Cancelled by Driver,Rural,Urban,Auto,14,4,50,12,268.52,609.5404,3.487272727,,No,,No,Yes,No,No,26.852,582.6884,
,6/27/2016 11:24,Business,Covington,Mandeville,4.7,,4.4,4.1,3.12,30,1.8,Clear,Low,UPI,No,Completed,Rural,Urban,Mini,10,2,50,12,87.44,157.392,2.914666667,,No,,No,No,No,No,0,157.392,
,6/27/2016 11:42,Business,Mandeville,Mandeville,2.8,,4.9,4.7,19.05,24,1.01,Foggy,Medium,Wallet,Yes,Cancelled by Passenger,Urban,Rural,SUV,2,3,50,12,278.6,281.386,11.60833333,,No,,No,Yes,No,Yes,27.86,253.526,
,6/27/2016 13:02,Business,Mandeville,Metairie,30,,3.6,4,29.45,68,2.05,Rainy,Low,Card,Yes,Completed,Rural,Urban,Auto,14,2,50,12,403.4,826.97,5.932352941,,No,,No,Yes,No,No,40.34,786.63,
,6/27/2016 14:05,Business,Metairie,Kenner,4.4,,3.9,4.2,6.51,108,2.84,Clear,Low,Cash,Yes,Cancelled by Passenger,Suburban,Suburban,SUV,6,0,50,12,128.12,363.8608,1.186296296,,No,,No,No,No,No,12.812,351.0488,
,6/27/2016 21:19,Business,Jamestown Court,Jamestown Court,1,,4.9,3.2,23.99,14,2.62,Foggy,High,Wallet,Yes,Cancelled by Passenger,Urban,Suburban,Sedan,7,0,50,12,337.88,885.2456,24.13428571,,No,,No,Yes,Yes,Yes,33.788,851.4576,
,6/28/2016 1:05,Business,Morrisville,Cary,8.2,Customer Visit,4.8,4.5,27.33,87,2.65,Foggy,High,UPI,Yes,Cancelled by Driver,Rural,Rural,Auto,12,2,50,12,377.96,1001.594,4.344367816,,No,,No,Yes,Yes,Yes,37.796,963.798,
,6/28/2016 20:33,Business,Cary,Durham,10.4,Meeting,4.2,3.3,28.37,71,2.59,Rainy,Low,Wallet,Yes,Cancelled by Driver,Rural,Urban,Mini,10,3,50,12,390.44,1011.2396,5.49915493,,No,,No,Yes,No,No,39.044,972.1956,
,6/28/2016 23:59,Business,Durham,Cary,9.9,Meeting,4.4,4.7,28.84,28,1.65,Rainy,Low,UPI,Yes,Cancelled by Driver,Suburban,Suburban,Auto,6,0,50,12,396.08,653.532,14.14571429,,No,,No,Yes,No,No,39.608,613.924,
,6/28/2016 23:59,Business,Durham,Cary,9.9,Meeting,3.9,4.6,16.12,9,2.53,Rainy,Medium,Card,Yes,Cancelled by Driver,Rural,Rural,Mini,7,0,50,12,243.44,615.9032,27.04888889,,No,,No,Yes,No,No,24.344,591.5592,
,6/29/2016 9:24,Business,Cary,Morrisville,7.3,,3.8,4.4,29.34,71,1.29,Rainy,Medium,Wallet,No,Completed,Rural,Suburban,SUV,1,4,50,12,402.08,518.6832,5.663098592,,No,,No,Yes,No,No,0,518.6832,
,6/29/2016 10:38,Business,Morrisville,Cary,7.4,,4.2,3.1,22.96,62,2.32,Stormy,Low,Card,Yes,Cancelled by Driver,Rural,Urban,Mini,6,1,50,12,325.52,755.2064,5.250322581,,No,,No,Yes,No,No,32.552,722.6544,
,6/29/2016 11:51,Business,Whitebridge,Westpark Place,1.6,,4,3.6,5.69,31,2.28,Rainy,High,Cash,Yes,Completed,Rural,Rural,Sedan,11,0,50,12,118.28,269.6784,3.815483871,,No,,No,No,Yes,No,11.828,257.8504,
,6/29/2016 12:16,Business,Westpark Place,Whitebridge,1.8,,4.4,3.5,14.83,84,1.05,Stormy,Low,UPI,No,Cancelled by Driver,Suburban,Suburban,Sedan,3,3,50,12,227.96,239.358,2.713809524,,No,,No,No,No,No,0,239.358,
,6/29/2016 20:29,Business,Cary,Durham,10.4,Meeting,3.6,3.7,21.83,117,2.58,Clear,Low,UPI,No,Cancelled by Driver,Rural,Rural,Sedan,1,3,50,12,311.96,804.8568,2.666324786,,No,,No,Yes,No,No,0,804.8568,
,6/30/2016 0:00,Business,Durham,Cary,9.9,Meeting,5,3.2,8.17,19,2.81,Foggy,High,Card,No,Cancelled by Passenger,Rural,Suburban,Auto,8,4,50,12,148.04,415.9924,7.791578947,,No,,No,No,Yes,Yes,0,415.9924,
,6/30/2016 20:26,Business,Cary,Durham,9.9,Meeting,5,4.9,19.58,39,1.53,Stormy,High,Card,Yes,Completed,Rural,Suburban,Sedan,4,3,50,12,284.96,435.9888,7.306666667,,No,,No,Yes,Yes,Yes,28.496,407.4928,
01-07-2016 00:00,07-01-2016 00:25,Business,Durham,Cary,9.9,Meeting,4.5,4.1,20.33,80,2.62,Clear,Medium,Cash,No,Cancelled by Passenger,Urban,Urban,Sedan,10,4,50,12,293.96,770.1752,3.6745,0,No,Friday,No,Yes,No,Yes,0,770.1752,
01-07-2016 09:34,07-01-2016 09:57,Business,Cary,Raleigh,13.3,Meeting,4.3,3.6,5.72,109,1.16,Clear,Medium,Wallet,No,Cancelled by Driver,Suburban,Urban,Auto,8,0,50,12,118.64,137.6224,1.088440367,9,Yes,Friday,No,No,No,No,0,137.6224,
01-07-2016 12:36,07-01-2016 13:00,Business,Raleigh,Cary,11.3,Meeting,4,3.8,17.39,57,2.2,Stormy,Medium,UPI,Yes,Completed,Urban,Suburban,SUV,10,0,50,12,258.68,569.096,4.538245614,12,No,Friday,No,Yes,No,No,25.868,543.228,
01-07-2016 20:06,07-01-2016 20:24,Business,Cary,Durham,10.5,Meeting,4.7,3.9,23.38,48,1.97,Clear,Medium,UPI,Yes,Cancelled by Driver,Urban,Rural,Sedan,14,0,50,12,330.56,651.2032,6.886666667,20,Yes,Friday,No,Yes,No,Yes,33.056,618.1472,
01-07-2016 23:48,07-02-2016 00:09,Business,Durham,Cary,9.9,Meeting,4.5,4.2,15.47,30,2.09,Clear,High,Cash,No,Cancelled by Passenger,Suburban,Rural,Sedan,11,0,50,12,235.64,492.4876,7.854666667,23,No,Friday,No,Yes,Yes,Yes,0,492.4876,
02-07-2016 20:18,07-02-2016 20:36,Business,Cary,Durham,10.1,Meeting,3.7,4,1.35,51,2.85,Stormy,Low,Cash,No,Completed,Urban,Urban,Auto,4,1,50,12,66.2,188.67,1.298039216,20,Yes,Saturday,Yes,No,No,No,0,188.67,
02-07-2016 23:48,07-03-2016 00:12,Business,Durham,Cary,9.9,Meeting,4.9,4.8,1.26,38,2.74,Clear,Medium,Card,Yes,Cancelled by Passenger,Urban,Suburban,SUV,4,1,50,12,65.12,178.4288,1.713684211,23,No,Saturday,Yes,No,No,Yes,6.512,171.9168,
03-07-2016 00:28,07-03-2016 00:38,Business,Cary,Morrisville,3.1,Errand/Supplies,4.7,4,11.35,91,2.57,Rainy,Medium,Card,Yes,Cancelled by Driver,Urban,Urban,SUV,12,0,50,12,186.2,478.534,2.046153846,0,No,Sunday,Yes,No,No,Yes,18.62,459.914,
03-07-2016 03:02,07-03-2016 03:08,Business,Morrisville,Cary,3.1,Errand/Supplies,4.9,5,27.86,99,1.55,Rainy,High,Wallet,Yes,Cancelled by Driver,Suburban,Suburban,SUV,14,3,50,12,384.32,595.696,3.882020202,3,No,Sunday,Yes,Yes,Yes,Yes,38.432,557.264,
03-07-2016 20:00,07-03-2016 20:18,Business,Cary,Durham,9.9,Meeting,4.6,4.7,7.63,54,2.82,Foggy,High,Cash,Yes,Cancelled by Driver,Rural,Suburban,Auto,10,4,50,12,141.56,399.1992,2.621481481,20,Yes,Sunday,Yes,No,Yes,Yes,14.156,385.0432,
04-07-2016 00:32,07-04-2016 00:47,Business,Durham,Cary,9.9,Meeting,4.4,3.4,19.4,88,1.2,Clear,Low,Wallet,Yes,Completed,Suburban,Urban,Mini,4,2,50,12,282.8,339.36,3.213636364,0,No,Monday,No,Yes,No,No,28.28,311.08,
04-07-2016 17:31,07-04-2016 17:49,Business,Whitebridge,Summerwinds,8.8,Meeting,4.1,4.9,7.44,16,2.71,Foggy,Low,Cash,No,Cancelled by Passenger,Suburban,Rural,Mini,6,4,50,12,139.28,377.4488,8.705,17,Yes,Monday,No,No,No,No,0,377.4488,
04-07-2016 18:23,07-04-2016 18:49,Business,Summerwinds,Whitebridge,8.7,Temporary Site,4.9,3.2,10.33,91,1.66,Rainy,High,UPI,Yes,Cancelled by Passenger,Suburban,Urban,Sedan,14,2,50,12,173.96,288.7736,1.911648352,18,Yes,Monday,No,No,Yes,Yes,17.396,271.3776,
04-07-2016 20:00,07-04-2016 20:17,Business,Cary,Durham,11.8,Meeting,4.8,4.6,25.59,8,1.11,Rainy,Medium,Cash,Yes,Cancelled by Driver,Urban,Suburban,Sedan,9,2,50,12,357.08,396.3588,44.635,20,Yes,Monday,No,Yes,No,Yes,35.708,360.6508,
05-07-2016 00:00,07-05-2016 00:05,Business,Parkwood,Parkwood,1.2,Errand/Supplies,3.6,3.8,22.14,91,2.34,Rainy,Medium,Cash,Yes,Cancelled by Passenger,Rural,Urban,Sedan,5,0,50,12,315.68,738.6912,3.469010989,0,No,Tuesday,No,Yes,No,No,31.568,707.1232,
05-07-2016 00:08,07-05-2016 00:28,Business,Durham,Cary,9.9,Meeting,3.5,4.8,3.77,52,1.46,Clear,Medium,UPI,Yes,Completed,Suburban,Rural,Mini,12,2,50,12,95.24,139.0504,1.831538462,0,No,Tuesday,No,No,No,No,9.524,129.5264,
05-07-2016 16:48,07-05-2016 16:52,Business,Whitebridge,Whitebridge,0.6,Errand/Supplies,4.1,4.7,13.43,59,1.49,Clear,Low,Cash,Yes,Cancelled by Driver,Suburban,Rural,Auto,13,0,50,12,211.16,314.6284,3.578983051,16,No,Tuesday,No,No,No,No,21.116,293.5124,
05-07-2016 20:06,07-05-2016 20:26,Business,Cary,Durham,9.9,,4.7,4.6,1.85,116,1.61,Rainy,Medium,Wallet,No,Cancelled by Driver,Rural,Suburban,Sedan,10,1,50,12,72.2,116.242,0.622413793,20,Yes,Tuesday,No,No,No,Yes,0,116.242,
05-07-2016 22:41,07-05-2016 23:02,Business,Durham,Morrisville,8.6,,5,4.6,14.95,5,1.13,Foggy,Medium,Card,Yes,Cancelled by Driver,Rural,Urban,Auto,14,3,50,12,229.4,259.222,45.88,22,No,Tuesday,No,No,No,Yes,22.94,236.282,
06-07-2016 00:33,07-06-2016 00:53,Business,Morrisville,Cary,6.3,Meal/Entertain,3.7,3.6,20.21,93,1.35,Foggy,High,Card,No,Completed,Rural,Rural,Sedan,8,2,50,12,292.52,394.902,3.145376344,0,No,Wednesday,No,Yes,Yes,No,0,394.902,
06-07-2016 09:06,07-06-2016 09:25,Business,Cary,Durham,9.9,Meeting,4.4,3.2,4.44,70,1.01,Stormy,Medium,Wallet,Yes,Cancelled by Driver,Urban,Urban,Auto,8,3,50,12,103.28,104.3128,1.475428571,9,Yes,Wednesday,No,No,No,No,10.328,93.9848,
06-07-2016 12:48,07-06-2016 13:08,Business,Durham,Cary,9.9,,4.1,3.8,9.38,34,1.89,Rainy,High,UPI,No,Cancelled by Driver,Rural,Rural,Auto,4,0,50,12,162.56,307.2384,4.781176471,12,No,Wednesday,No,No,Yes,No,0,307.2384,
06-07-2016 20:04,07-06-2016 20:14,Business,Cary,Morrisville,3.3,Meal/Entertain,5,3.3,12.54,7,1.17,Foggy,Medium,Cash,No,Cancelled by Driver,Urban,Suburban,Mini,11,2,50,12,200.48,234.5616,28.64,20,Yes,Wednesday,No,No,No,Yes,0,234.5616,
06-07-2016 23:46,07-06-2016 23:59,Business,Morrisville,Cary,3.1,Customer Visit,4.8,4.4,27.67,25,2.37,Rainy,Low,Wallet,Yes,Cancelled by Driver,Suburban,Suburban,Auto,10,4,50,12,382.04,905.4348,15.2816,23,No,Wednesday,No,Yes,No,Yes,38.204,867.2308,
07-07-2016 08:22,07-07-2016 08:50,Business,Cary,Morrisville,7.9,Temporary Site,4.8,3.7,29.8,93,1.47,Foggy,Medium,Card,Yes,Cancelled by Passenger,Urban,Urban,SUV,9,1,50,12,407.6,599.172,4.382795699,8,Yes,Thursday,No,Yes,No,Yes,40.76,558.412,
07-07-2016 10:27,07-07-2016 10:33,Business,Morrisville,Cary,8.9,,4.2,5,2.3,88,2.89,Stormy,Medium,Card,Yes,Cancelled by Driver,Rural,Suburban,Mini,9,1,50,12,77.6,224.264,0.881818182,10,Yes,Thursday,No,No,No,No,7.76,216.504,
07-07-2016 12:59,07-07-2016 13:35,Business,Kenner,New Orleans,12.8,,4.1,4.3,23.07,53,2.74,Stormy,High,Wallet,Yes,Completed,Urban,Rural,Sedan,5,2,50,12,326.84,895.5416,6.166792453,12,No,Thursday,No,Yes,Yes,No,32.684,862.8576,
08-07-2016 09:50,07-08-2016 10:13,Business,CBD,Pontchartrain Beach,7.7,,3.9,4.6,11.78,90,1.58,Rainy,High,Card,Yes,Cancelled by Driver,Rural,Suburban,Mini,6,1,50,12,191.36,302.3488,2.126222222,9,Yes,Friday,No,No,Yes,No,19.136,283.2128,
08-07-2016 10:51,07-08-2016 11:12,Business,Pontchartrain Beach,CBD,7,,3.6,3.3,12.38,89,2.57,Foggy,High,Wallet,No,Cancelled by Driver,Urban,Rural,SUV,5,4,50,12,198.56,510.2992,2.231011236,10,Yes,Friday,No,No,Yes,No,0,510.2992,
08-07-2016 13:48,07-08-2016 14:11,Business,New Orleans,Metairie,12.5,,4.8,4.7,22.87,66,2.61,Clear,Medium,Card,Yes,Cancelled by Passenger,Suburban,Rural,SUV,3,3,50,12,324.44,846.7884,4.915757576,13,No,Friday,No,Yes,No,Yes,32.444,814.3444,
08-07-2016 17:11,07-08-2016 17:30,Business,Kenner,New Orleans,13.2,,4.7,4.8,27.63,101,2.97,Stormy,Medium,Wallet,Yes,Cancelled by Driver,Urban,Suburban,Auto,11,4,50,12,381.56,1133.2332,3.777821782,17,Yes,Friday,No,Yes,No,Yes,38.156,1095.0772,
09-07-2016 09:03,07-09-2016 09:46,Business,New Orleans,Kenner,13,,5,4,28.58,42,2.2,Rainy,Low,Cash,No,Cancelled by Passenger,Suburban,Rural,SUV,8,1,50,12,392.96,864.512,9.356190476,9,Yes,Saturday,Yes,Yes,No,Yes,0,864.512,
09-07-2016 09:52,07-09-2016 10:06,Business,Kenner,Metairie,4.9,,5,4.2,17.74,19,1.16,Rainy,Medium,Cash,Yes,Completed,Rural,Rural,SUV,9,3,50,12,262.88,304.9408,13.83578947,9,Yes,Saturday,Yes,Yes,No,Yes,26.288,278.6528,
09-07-2016 10:15,07-09-2016 10:33,Business,Metairie,New Orleans,8.5,,4.3,4.5,11.36,114,2.29,Foggy,Low,Cash,No,Cancelled by Passenger,Suburban,Urban,SUV,4,4,50,12,186.32,426.6728,1.634385965,10,Yes,Saturday,Yes,No,No,No,0,426.6728,
10-07-2016 14:10,07-10-2016 14:17,Business,CBD,St Thomas,1.3,,4.7,3.3,23.84,56,2.25,Rainy,High,Cash,Yes,Cancelled by Driver,Rural,Urban,SUV,9,0,50,12,336.08,756.18,6.001428571,14,No,Sunday,Yes,Yes,Yes,Yes,33.608,722.572,
10-07-2016 16:04,07-10-2016 16:15,Business,St Thomas,CBD,1.8,,4.9,4,8.28,83,2.28,Stormy,High,Card,No,Completed,Rural,Urban,Sedan,9,0,50,12,149.36,340.5408,1.799518072,16,No,Sunday,Yes,No,Yes,Yes,0,340.5408,
10-07-2016 18:05,07-10-2016 18:21,Business,New Orleans,Kenner,13.6,,4.8,3.8,17.36,50,1.61,Rainy,High,UPI,Yes,Cancelled by Driver,Suburban,Suburban,Sedan,7,3,50,12,258.32,415.8952,5.1664,18,Yes,Sunday,Yes,Yes,Yes,Yes,25.832,390.0632,
10-07-2016 19:51,07-10-2016 20:08,Business,Kenner,New Orleans,13.4,,3.9,3.3,11.4,29,2.72,Rainy,Low,Wallet,No,Cancelled by Passenger,Suburban,Urban,Mini,8,3,50,12,186.8,508.096,6.44137931,19,Yes,Sunday,Yes,No,No,No,0,508.096,
12-07-2016 16:10,07-12-2016 16:45,Business,New Orleans,Kenner,12.3,,4.2,3.7,20.04,25,2.92,Clear,Medium,UPI,No,Completed,Urban,Rural,Auto,3,3,50,12,290.48,848.2016,11.6192,16,No,Tuesday,No,Yes,No,No,0,848.2016,
12-07-2016 19:21,07-12-2016 19:26,Personal,Kenner,Kenner,1.4,,3.7,3.1,7.97,92,1.44,Clear,High,Card,Yes,Completed,Urban,Suburban,Sedan,5,0,50,12,145.64,209.7216,1.583043478,19,Yes,Tuesday,No,No,Yes,No,14.564,195.1576,
12-07-2016 23:47,7/13/2016 0:11,Personal,Morrisville,Cary,8.7,,4.9,3.1,6.56,9,1.18,Stormy,Medium,Card,Yes,Cancelled by Passenger,Suburban,Suburban,SUV,3,4,50,12,128.72,151.8896,14.30222222,23,No,Tuesday,No,No,No,Yes,12.872,139.0176,
,7/13/2016 13:20,Personal,Cary,Morrisville,23.5,,4.4,3.3,27.63,74,1.39,Foggy,Medium,UPI,Yes,Cancelled by Passenger,Suburban,Suburban,Auto,7,3,50,12,381.56,530.3684,5.156216216,,No,,No,Yes,No,No,38.156,492.2124,
,7/13/2016 13:39,Personal,Morrisville,Morrisville,2.2,,3.8,4.9,3.95,117,2.64,Clear,High,UPI,No,Completed,Suburban,Suburban,Sedan,6,0,50,12,97.4,257.136,0.832478632,,No,,No,No,Yes,No,0,257.136,
,7/13/2016 13:54,Personal,Morrisville,Cary,4.4,,4.5,4.1,15.67,111,2.35,Foggy,Low,Card,No,Completed,Suburban,Rural,Mini,11,3,50,12,238.04,559.394,2.144504505,,No,,No,Yes,No,Yes,0,559.394,
,7/14/2016 15:59,Personal,Cary,Morrisville,3.3,,4.4,4.9,7.4,116,2.27,Stormy,Medium,Card,No,Cancelled by Passenger,Rural,Rural,SUV,3,3,50,12,138.8,315.076,1.196551724,,No,,No,No,No,No,0,315.076,
,7/14/2016 16:34,Business,Morrisville,Morrisville,11.8,Errand/Supplies,4,3.9,2.13,112,1.8,Clear,High,Wallet,Yes,Cancelled by Driver,Suburban,Urban,Auto,9,3,50,12,75.56,136.008,0.674642857,,No,,No,No,Yes,No,7.556,128.452,
,7/14/2016 20:05,Business,Morrisville,Banner Elk,195.3,,3.7,3.6,2.04,51,2.16,Foggy,Medium,Cash,Yes,Completed,Suburban,Suburban,Sedan,12,0,50,12,74.48,160.8768,1.460392157,,No,,No,No,No,No,7.448,153.4288,
,7/15/2016 11:53,Personal,Banner Elk,Banner Elk,8.3,,4.5,4,6.08,91,1.62,Clear,Medium,Cash,No,Cancelled by Passenger,Suburban,Urban,Auto,1,4,50,12,122.96,199.1952,1.351208791,,No,,No,No,No,Yes,0,199.1952,
,7/15/2016 12:19,Personal,Banner Elk,Banner Elk,3.2,,4.3,3.9,26.14,72,1.95,Stormy,Medium,Wallet,Yes,Cancelled by Driver,Suburban,Rural,Sedan,10,0,50,12,363.68,709.176,5.051111111,,No,,No,Yes,No,No,36.368,672.808,
,7/15/2016 13:15,Personal,Banner Elk,Elk Park,22.4,,4.7,3.2,9.19,95,2.59,Stormy,Medium,UPI,No,Completed,Rural,Suburban,Mini,3,0,50,12,160.28,415.1252,1.687157895,,No,,No,No,No,Yes,0,415.1252,
,7/15/2016 15:33,Personal,Elk Park,Banner Elk,12.2,,4.3,4.3,28.56,22,2.96,Clear,Medium,Card,Yes,Completed,Urban,Rural,SUV,11,3,50,12,392.72,1162.4512,17.85090909,,No,,No,Yes,No,No,39.272,1123.1792,
,7/15/2016 15:52,Personal,Banner Elk,Banner Elk,4.5,,4.8,3.4,17.87,25,2.86,Foggy,Low,UPI,Yes,Cancelled by Passenger,Urban,Urban,Mini,10,2,50,12,264.44,756.2984,10.5776,,No,,No,Yes,No,Yes,26.444,729.8544,
,7/16/2016 14:10,Personal,Banner Elk,Newland,28.1,,4.3,4.2,13.66,96,2.87,Rainy,Low,Cash,No,Cancelled by Driver,Urban,Rural,SUV,11,2,50,12,213.92,613.9504,2.228333333,,No,,No,No,No,No,0,613.9504,
,7/16/2016 14:30,Personal,Newland,Newland,3.8,,4.3,4.3,17.82,103,1.8,Rainy,High,Cash,Yes,Completed,Urban,Suburban,SUV,7,2,50,12,263.84,474.912,2.561553398,,No,,No,Yes,Yes,No,26.384,448.528,
,7/16/2016 16:57,Personal,Newland,Boone,41.9,,4.8,3.3,15.98,90,1.94,Clear,Low,UPI,Yes,Cancelled by Driver,Urban,Suburban,Auto,3,0,50,12,241.76,469.0144,2.686222222,,No,,No,Yes,No,Yes,24.176,444.8384,
,7/16/2016 20:35,Personal,Boone,Banner Elk,23.8,,4.1,3.1,23,108,2.41,Foggy,Low,Cash,Yes,Cancelled by Driver,Rural,Urban,Sedan,14,3,50,12,326,785.66,3.018518519,,No,,No,Yes,No,No,32.6,753.06,
,7/16/2016 22:18,Personal,Banner Elk,Banner Elk,13,,3.7,4.6,9.19,27,2.84,Rainy,Low,Card,Yes,Completed,Urban,Suburban,Mini,3,2,50,12,160.28,455.1952,5.936296296,,No,,No,No,No,No,16.028,439.1672,
,7/16/2016 23:03,Business,Banner Elk,Banner Elk,4.4,Errand/Supplies,3.5,3.9,11.24,68,1.28,Stormy,Medium,Wallet,Yes,Cancelled by Driver,Rural,Rural,Mini,2,1,50,12,184.88,236.6464,2.718823529,,No,,No,No,No,No,18.488,218.1584,
,7/17/2016 11:50,Personal,Banner Elk,Boone,15.1,Charity ($),4.6,3.1,26.93,71,1.61,Foggy,Medium,UPI,No,Completed,Rural,Rural,Mini,9,1,50,12,373.16,600.7876,5.255774648,,No,,No,Yes,No,Yes,0,600.7876,
,7/17/2016 15:25,Personal,Boone,Cary,180.2,Commute,4.4,5,28.45,44,1.28,Rainy,High,Card,Yes,Cancelled by Driver,Urban,Rural,Auto,11,1,50,12,391.4,500.992,8.895454545,,No,,No,Yes,Yes,No,39.14,461.852,
,7/18/2016 10:49,Personal,Cary,Morrisville,4.1,Moving,4.6,3.1,26.88,118,2.22,Foggy,High,Card,No,Completed,Urban,Rural,Auto,4,4,50,12,372.56,827.0832,3.157288136,,No,,No,Yes,Yes,Yes,0,827.0832,
,7/18/2016 11:15,Personal,Morrisville,Cary,6.1,Moving,3.8,4.4,13.16,14,1.61,Clear,High,Cash,Yes,Cancelled by Passenger,Urban,Urban,Auto,10,3,50,12,207.92,334.7512,14.85142857,,No,,No,No,Yes,No,20.792,313.9592,
,7/18/2016 11:36,Personal,Northwoods,Preston,3.3,Moving,3.7,5,23.63,93,1.65,Foggy,Medium,Card,Yes,Completed,Suburban,Rural,SUV,13,0,50,12,333.56,550.374,3.586666667,,No,,No,Yes,No,No,33.356,517.018,
,7/18/2016 11:56,Personal,Preston,Whitebridge,4.7,Moving,3.5,3.5,14.81,56,1.14,Rainy,Low,UPI,No,Completed,Rural,Urban,Mini,6,0,50,12,227.72,259.6008,4.066428571,,No,,No,No,No,No,0,259.6008,
,7/18/2016 17:33,Business,Cary,Apex,7.2,Meeting,4,3.3,15.43,117,1.7,Clear,Low,Card,No,Completed,Urban,Rural,SUV,2,3,50,12,235.16,399.772,2.00991453,,No,,No,Yes,No,No,0,399.772,
,7/18/2016 18:47,Business,Apex,Cary,5.5,Meal/Entertain,4.4,3.2,6.94,76,2.72,Foggy,Medium,Wallet,Yes,Cancelled by Driver,Suburban,Urban,Mini,9,4,50,12,133.28,362.5216,1.753684211,,No,,No,No,No,No,13.328,349.1936,
,7/18/2016 19:14,Business,Cary,Morrisville,3.3,Meal/Entertain,4.1,3.6,18.14,79,1.47,Stormy,High,Card,Yes,Cancelled by Passenger,Rural,Rural,Mini,7,3,50,12,267.68,393.4896,3.38835443,,No,,No,Yes,Yes,No,26.768,366.7216,
,7/18/2016 20:32,Business,Hazelwood,Weston,0.9,Errand/Supplies,4.2,3.2,6.4,65,2.39,Rainy,High,Card,No,Cancelled by Driver,Suburban,Rural,Sedan,10,4,50,12,126.8,303.052,1.950769231,,No,,No,No,Yes,No,0,303.052,
,7/18/2016 21:19,Business,Morrisville,Cary,3.8,Meal/Entertain,4.9,4.4,10.62,68,2.26,Clear,High,Wallet,No,Cancelled by Driver,Suburban,Urban,Mini,5,2,50,12,177.44,401.0144,2.609411765,,No,,No,No,Yes,Yes,0,401.0144,
,7/19/2016 10:51,Business,Whitebridge,Stonewater,6.4,Customer Visit,4,3.1,25.8,9,2.73,Foggy,Medium,Card,No,Completed,Urban,Suburban,Auto,7,2,50,12,359.6,981.708,39.95555556,,No,,No,Yes,No,No,0,981.708,
,7/19/2016 11:11,Business,Stonewater,Lexington Park at Amberly,3,Meeting,4.3,4,7.01,113,1.26,Stormy,High,Card,No,Cancelled by Driver,Rural,Suburban,Auto,14,4,50,12,134.12,168.9912,1.186902655,,No,,No,No,Yes,No,0,168.9912,
,7/19/2016 12:00,Business,Lexington Park at Amberly,Whitebridge,8.7,Meal/Entertain,4.7,5,3.06,57,2.96,Rainy,High,Cash,Yes,Completed,Suburban,Suburban,Auto,4,3,50,12,86.72,256.6912,1.521403509,,No,,No,No,Yes,Yes,8.672,248.0192,
,7/19/2016 17:24,Business,Whitebridge,Chessington,3.9,Errand/Supplies,4.1,4.6,3,59,2.17,Stormy,Medium,UPI,Yes,Cancelled by Passenger,Rural,Urban,Sedan,13,2,50,12,86,186.62,1.457627119,,No,,No,No,No,No,8.6,178.02,
,7/19/2016 18:08,Personal,Chessington,Whitebridge,4.8,,4.4,4.2,28.28,41,2.99,Foggy,Low,Cash,Yes,Cancelled by Driver,Urban,Suburban,Sedan,10,3,50,12,389.36,1164.1864,9.496585366,,No,,No,Yes,No,No,38.936,1125.2504,
,7/20/2016 17:24,Personal,Whitebridge,Edgehill Farms,2.8,,4.8,3.6,15.7,60,2.82,Foggy,Medium,UPI,Yes,Cancelled by Driver,Rural,Suburban,SUV,13,2,50,12,238.4,672.288,3.973333333,,No,,No,Yes,No,Yes,23.84,648.448,
,7/20/2016 17:57,Personal,Edgehill Farms,Preston,1.4,,4.9,4.2,12.87,63,1.44,Clear,Medium,Wallet,Yes,Cancelled by Driver,Suburban,Urban,Mini,7,3,50,12,204.44,294.3936,3.245079365,,No,,No,No,No,Yes,20.444,273.9496,
,7/20/2016 18:20,Personal,Preston,Whitebridge,1.4,,3.7,4.1,24.52,113,1.11,Stormy,Medium,Wallet,No,Completed,Suburban,Suburban,Mini,2,3,50,12,344.24,382.1064,3.046371681,,No,,No,Yes,No,No,0,382.1064,
,7/21/2016 17:23,Business,Whitebridge,Edgehill Farms,2.7,,4.9,3.9,25.24,106,1.51,Clear,Medium,Wallet,No,Completed,Rural,Suburban,Auto,7,1,50,12,352.88,532.8488,3.329056604,,No,,No,Yes,No,Yes,0,532.8488,
,7/21/2016 17:51,Business,Edgehill Farms,Burtrose,2.3,,4.2,3.3,10.63,97,2.06,Rainy,Low,UPI,No,Cancelled by Driver,Suburban,Suburban,Auto,4,4,50,12,177.56,365.7736,1.830515464,,No,,No,No,No,No,0,365.7736,
,7/21/2016 18:42,Business,Cary,Morrisville,3.7,,3.9,4.8,21.11,73,1.34,Clear,High,UPI,Yes,Cancelled by Driver,Suburban,Urban,Auto,4,0,50,12,303.32,406.4488,4.155068493,,No,,No,Yes,Yes,No,30.332,376.1168,
,7/21/2016 19:39,Business,Morrisville,Cary,2.9,,4.2,3.9,23.36,77,1.33,Rainy,Medium,UPI,No,Cancelled by Passenger,Suburban,Urban,Auto,1,4,50,12,330.32,439.3256,4.28987013,,No,,No,Yes,No,No,0,439.3256,
,7/22/2016 10:53,Business,Cary,Morrisville,3.8,,5,3.4,19.98,63,1.93,Foggy,Low,Wallet,Yes,Cancelled by Passenger,Urban,Suburban,Auto,12,3,50,12,289.76,559.2368,4.599365079,,No,,No,Yes,No,Yes,28.976,530.2608,
,7/22/2016 11:25,Business,Morrisville,Cary,5.1,,4.2,3.7,5.4,116,1.07,Foggy,High,UPI,Yes,Cancelled by Passenger,Urban,Suburban,Auto,3,3,50,12,114.8,122.836,0.989655172,,No,,No,No,Yes,No,11.48,111.356,
,7/22/2016 12:00,Business,Hazelwood,Lexington Park at Amberly,9.1,,4,3.8,26.4,6,1.24,Stormy,High,Card,Yes,Cancelled by Passenger,Suburban,Urban,Mini,5,4,50,12,366.8,454.832,61.13333333,,No,,No,Yes,Yes,No,36.68,418.152,
,7/22/2016 12:31,Business,Cary,Durham,8,,4.5,4.7,16.63,69,1.83,Rainy,High,Cash,No,Cancelled by Passenger,Rural,Suburban,Sedan,5,3,50,12,249.56,456.6948,3.616811594,,No,,No,Yes,Yes,Yes,0,456.6948,
,7/22/2016 13:42,Business,Durham,Cary,9.9,Meeting,3.9,4.5,9.19,108,1.13,Foggy,Medium,Wallet,Yes,Completed,Urban,Urban,Auto,2,2,50,12,160.28,181.1164,1.484074074,,No,,No,No,No,No,16.028,165.0884,
,7/22/2016 14:43,Business,Cary,Morrisville,6.1,Meal/Entertain,3.6,4.5,13.33,64,1.79,Stormy,Medium,Cash,Yes,Cancelled by Passenger,Rural,Suburban,Mini,4,3,50,12,209.96,375.8284,3.280625,,No,,No,No,No,No,20.996,354.8324,
,7/22/2016 16:22,Business,Morrisville,Cary,12.2,,3.7,3,2.09,55,1.95,Stormy,High,Card,No,Cancelled by Passenger,Suburban,Urban,Auto,1,4,50,12,75.08,146.406,1.365090909,,No,,No,No,Yes,No,0,146.406,
,7/22/2016 18:51,Business,Wayne Ridge,Whitebridge,8,,3.7,3.8,4.71,34,1.9,Clear,High,UPI,Yes,Cancelled by Driver,Suburban,Rural,SUV,9,4,50,12,106.52,202.388,3.132941176,,No,,No,No,Yes,No,10.652,191.736,
,7/23/2016 14:44,Business,Cary,Morrisville,4,,3.7,4,23.2,15,2.74,Stormy,High,Cash,No,Completed,Rural,Rural,SUV,1,4,50,12,328.4,899.816,21.89333333,,No,,No,Yes,Yes,No,0,899.816,
,7/23/2016 15:12,Business,Morrisville,Cary,9.5,,3.7,3,1,96,2.06,Foggy,High,Card,Yes,Cancelled by Passenger,Urban,Urban,Mini,6,1,50,12,62,127.72,0.645833333,,No,,No,No,Yes,No,6.2,121.52,
,7/23/2016 15:27,Business,Cary,Morrisville,3,,4.5,3.5,13.08,112,1.94,Clear,High,Card,No,Cancelled by Passenger,Rural,Rural,Sedan,7,1,50,12,206.96,401.5024,1.847857143,,No,,No,No,Yes,Yes,0,401.5024,
,7/23/2016 16:10,Business,Morrisville,Cary,6.3,,3.8,4.5,16.15,80,1.82,Rainy,High,Cash,Yes,Cancelled by Passenger,Rural,Suburban,SUV,3,1,50,12,243.8,443.716,3.0475,,No,,No,Yes,Yes,No,24.38,419.336,
,7/23/2016 20:33,Business,Cary,Durham,10.4,Meeting,4,3.3,2.58,43,2.64,Rainy,Low,Wallet,Yes,Cancelled by Driver,Suburban,Urban,SUV,12,1,50,12,80.96,213.7344,1.882790698,,No,,No,No,No,No,8.096,205.6384,
,7/23/2016 23:43,Business,Durham,Cary,9.9,Meeting,4.8,4.1,29.22,94,2.79,Foggy,High,Cash,No,Cancelled by Driver,Urban,Urban,Sedan,1,1,50,12,400.64,1117.7856,4.26212766,,No,,No,Yes,Yes,Yes,0,1117.7856,
,7/25/2016 10:41,Business,Whitebridge,Parkway,1.5,,4.2,3.4,7.56,81,2.71,Foggy,Medium,Wallet,Yes,Cancelled by Driver,Rural,Suburban,SUV,7,1,50,12,140.72,381.3512,1.737283951,,No,,No,No,No,No,14.072,367.2792,
,7/25/2016 10:58,Business,Cary,Morrisville,4.9,,4.5,3,9.82,76,2.35,Clear,Medium,UPI,No,Cancelled by Passenger,Urban,Suburban,Auto,3,1,50,12,167.84,394.424,2.208421053,,No,,No,No,No,Yes,0,394.424,
,7/25/2016 11:33,Business,Morrisville,Cary,7.9,,3.8,3.5,9.81,67,1.27,Clear,Medium,Wallet,Yes,Cancelled by Driver,Suburban,Urban,Sedan,13,4,50,12,167.72,213.0044,2.503283582,,No,,No,No,No,No,16.772,196.2324,
,7/25/2016 11:44,Business,Parkway,Whitebridge,1.7,,3.8,5,7.68,68,1.55,Foggy,High,UPI,No,Cancelled by Passenger,Urban,Suburban,SUV,10,0,50,12,142.16,220.348,2.090588235,,No,,No,No,Yes,No,0,220.348,
,7/26/2016 15:49,Business,Whitebridge,Westpark Place,2.2,,3.6,4.6,1.04,65,1.09,Foggy,Medium,Cash,Yes,Completed,Suburban,Urban,Sedan,12,1,50,12,62.48,68.1032,0.961230769,,No,,No,No,No,No,6.248,61.8552,
,7/26/2016 17:24,Business,Westpark Place,Whitebridge,2.1,,3.8,4.9,22.15,58,2.86,Rainy,Low,UPI,Yes,Cancelled by Passenger,Urban,Suburban,Auto,12,4,50,12,315.8,903.188,5.444827586,,No,,No,Yes,No,No,31.58,871.608,
,7/26/2016 21:00,Business,Cary,Morrisville,2.5,Meal/Entertain,3.9,4,29.04,96,2.32,Rainy,High,Card,Yes,Cancelled by Driver,Rural,Urban,SUV,6,0,50,12,398.48,924.4736,4.150833333,,No,,No,Yes,Yes,No,39.848,884.6256,
,7/26/2016 22:39,Business,Morrisville,Cary,2.5,Meal/Entertain,3.8,3.2,7.5,98,2.49,Rainy,Medium,UPI,No,Completed,Suburban,Suburban,Mini,13,1,50,12,140,348.6,1.428571429,,No,,No,No,No,No,0,348.6,
,7/27/2016 19:20,Business,Cary,Morrisville,2.8,,3.6,4.1,20.23,77,1.62,Foggy,Low,Wallet,No,Cancelled by Passenger,Rural,Suburban,SUV,12,0,50,12,292.76,474.2712,3.802077922,,No,,No,Yes,No,No,0,474.2712,
,7/27/2016 21:57,Business,Morrisville,Raleigh,14.7,,3.7,3.9,22.51,107,2.69,Stormy,Low,Wallet,No,Completed,Suburban,Rural,SUV,14,0,50,12,320.12,861.1228,2.991775701,,No,,No,Yes,No,No,0,861.1228,
,7/27/2016 22:26,Business,Raleigh,Morrisville,14.6,,4.2,4.7,25.6,99,1.52,Foggy,Medium,Wallet,No,Completed,Urban,Rural,Auto,6,2,50,12,357.2,542.944,3.608080808,,No,,No,Yes,No,No,0,542.944,
,7/28/2016 0:09,Business,Morrisville,Cary,2.3,,3.8,3.2,13.26,62,1,Foggy,Low,UPI,No,Completed,Urban,Rural,Mini,14,3,50,12,209.12,209.12,3.372903226,,No,,No,No,No,No,0,209.12,
,7/29/2016 15:47,Business,Whitebridge,Westpark Place,2.2,,4,4,9.78,89,1.75,Rainy,Medium,Wallet,Yes,Cancelled by Passenger,Suburban,Suburban,Mini,12,2,50,12,167.36,292.88,1.880449438,,No,,No,No,No,No,16.736,276.144,
,7/29/2016 17:45,Business,Westpark Place,Whitebridge,2.2,Meal/Entertain,4.3,3.3,10.43,60,2.14,Foggy,Low,Wallet,Yes,Cancelled by Driver,Suburban,Urban,Mini,4,0,50,12,175.16,374.8424,2.919333333,,No,,No,No,No,No,17.516,357.3264,
,7/30/2016 17:27,Business,Cary,Durham,14,,4.5,3.6,21.67,115,1.96,Clear,High,Card,Yes,Cancelled by Passenger,Suburban,Suburban,Auto,12,4,50,12,310.04,607.6784,2.696,,No,,No,Yes,Yes,Yes,31.004,576.6744,
,7/30/2016 21:41,Business,Durham,Cary,13.3,,3.6,4.5,24.69,38,2.72,Foggy,High,UPI,Yes,Cancelled by Driver,Urban,Rural,Auto,11,1,50,12,346.28,941.8816,9.112631579,,No,,No,Yes,Yes,No,34.628,907.2536,
,7/31/2016 17:37,Business,Westpark Place,Whitebridge,1.8,,4.7,4,6.27,35,1.21,Foggy,High,Card,Yes,Cancelled by Passenger,Suburban,Suburban,Auto,6,3,50,12,125.24,151.5404,3.578285714,,No,,No,No,Yes,Yes,12.524,139.0164,
01-08-2016 12:47,08-01-2016 13:04,Business,Whitebridge,Arlington Park at Amberly,6.2,,4.4,3.8,11.76,56,2.11,Foggy,High,Wallet,No,Cancelled by Passenger,Suburban,Rural,Auto,11,1,50,12,191.12,403.2632,3.412857143,12,No,Monday,No,No,Yes,No,0,403.2632,
01-08-2016 13:08,08-01-2016 13:19,Business,Arlington Park at Amberly,Lexington Park at Amberly,1.3,,3.6,3.8,27.16,93,2.03,Foggy,High,Wallet,Yes,Cancelled by Passenger,Rural,Rural,Auto,10,4,50,12,375.92,763.1176,4.042150538,13,No,Monday,No,Yes,Yes,No,37.592,725.5256,
01-08-2016 13:28,08-01-2016 13:46,Business,Lexington Park at Amberly,Westpark Place,1.9,,4.8,3.9,24.39,80,1.56,Stormy,Medium,Wallet,No,Cancelled by Driver,Suburban,Urban,Mini,4,3,50,12,342.68,534.5808,4.2835,13,No,Monday,No,Yes,No,Yes,0,534.5808,
01-08-2016 13:52,08-01-2016 14:14,Business,Cary,Apex,6.9,,4.9,4.6,29.56,5,2.64,Foggy,High,UPI,Yes,Cancelled by Passenger,Rural,Urban,Sedan,13,2,50,12,404.72,1068.4608,80.944,13,No,Monday,No,Yes,Yes,Yes,40.472,1027.9888,
01-08-2016 15:40,08-01-2016 15:47,Business,Apex,Cary,4.6,,3.6,4.8,22.87,59,2.51,Clear,High,Cash,No,Completed,Rural,Rural,Auto,8,0,50,12,324.44,814.3444,5.498983051,15,No,Monday,No,Yes,Yes,No,0,814.3444,
01-08-2016 16:18,08-01-2016 16:25,Business,Whitebridge,Edgehill Farms,2.8,,3.9,4.9,12.4,26,2.47,Clear,High,Wallet,No,Cancelled by Passenger,Rural,Rural,Sedan,9,4,50,12,198.8,491.036,7.646153846,16,No,Monday,No,No,Yes,No,0,491.036,
01-08-2016 16:29,08-01-2016 16:59,Business,Cary,Morrisville,9.1,,4.7,4.6,18.13,44,2.75,Foggy,High,Wallet,No,Completed,Urban,Suburban,SUV,2,0,50,12,267.56,735.79,6.080909091,16,No,Monday,No,Yes,Yes,Yes,0,735.79,
01-08-2016 17:23,08-01-2016 17:55,Business,Morrisville,Cary,8.1,,4.6,3.6,20.17,105,2.45,Rainy,Low,Wallet,Yes,Cancelled by Driver,Rural,Rural,SUV,7,0,50,12,292.04,715.498,2.781333333,17,Yes,Monday,No,Yes,No,Yes,29.204,686.294,
02-08-2016 08:11,08-02-2016 08:32,Business,Cary,Morrisville,8.4,Meeting,3.8,4.4,3.28,115,1.46,Stormy,High,Wallet,Yes,Cancelled by Driver,Suburban,Suburban,Auto,9,1,50,12,89.36,130.4656,0.777043478,8,Yes,Tuesday,No,No,Yes,No,8.936,121.5296,
02-08-2016 11:51,08-02-2016 12:15,Business,Arlington,Washington,4.9,,3.8,3.9,16.79,5,2.41,Foggy,High,UPI,Yes,Cancelled by Passenger,Urban,Rural,SUV,9,4,50,12,251.48,606.0668,50.296,11,No,Tuesday,No,Yes,Yes,No,25.148,580.9188,
02-08-2016 19:15,08-02-2016 19:23,Business,Kalorama Triangle,K Street,1,,4.1,3.5,21.57,69,1.62,Foggy,Medium,Cash,Yes,Cancelled by Passenger,Urban,Urban,Sedan,12,0,50,12,308.84,500.3208,4.475942029,19,Yes,Tuesday,No,Yes,No,No,30.884,469.4368,
02-08-2016 21:23,08-02-2016 21:29,Business,K Street,Kalorama Triangle,1,,4.2,4.7,5.85,67,1.48,Foggy,Low,Cash,No,Cancelled by Passenger,Urban,Urban,SUV,5,2,50,12,120.2,177.896,1.794029851,21,No,Tuesday,No,No,No,No,0,177.896,
03-08-2016 12:46,08-03-2016 13:00,Business,West End,Northwest Rectangle,2,,4.4,3.1,23.64,110,1.15,Rainy,Medium,Cash,No,Completed,Urban,Rural,SUV,1,3,50,12,333.68,383.732,3.033454545,12,No,Wednesday,No,Yes,No,No,0,383.732,
03-08-2016 14:59,08-03-2016 15:03,Business,K Street,Kalorama Triangle,1.1,,4.1,4.8,17.93,58,2.49,Rainy,High,Wallet,No,Cancelled by Driver,Urban,Suburban,Sedan,6,4,50,12,265.16,660.2484,4.571724138,14,No,Wednesday,No,Yes,Yes,No,0,660.2484,
03-08-2016 16:00,08-03-2016 16:04,Business,Kalorama Triangle,Downtown,1.5,,4.2,3.9,28.61,46,2.42,Rainy,Medium,Wallet,No,Completed,Urban,Suburban,SUV,8,1,50,12,393.32,951.8344,8.550434783,16,No,Wednesday,No,Yes,No,No,0,951.8344,
05-08-2016 17:23,08-05-2016 17:30,Business,Connecticut Avenue,Kalorama Triangle,1.3,,4.6,4.3,2.23,25,1.47,Stormy,Medium,Cash,Yes,Completed,Urban,Suburban,Auto,1,4,50,12,76.76,112.8372,3.0704,17,Yes,Friday,No,No,No,Yes,7.676,105.1612,
05-08-2016 18:17,08-05-2016 18:21,Business,Kalorama Triangle,Columbia Heights,1.8,,3.6,4.3,8.69,83,2.5,Clear,High,Cash,No,Cancelled by Passenger,Rural,Rural,Sedan,2,1,50,12,154.28,385.7,1.858795181,18,Yes,Friday,No,No,Yes,No,0,385.7,
05-08-2016 19:17,08-05-2016 19:27,Business,Columbia Heights,Kalorama Triangle,1.5,,3.9,4.8,18.45,85,2.84,Stormy,Low,Wallet,Yes,Cancelled by Passenger,Suburban,Rural,Sedan,13,3,50,12,271.4,770.776,3.192941176,19,Yes,Friday,No,Yes,No,No,27.14,743.636,
06-08-2016 06:40,08-06-2016 06:58,Business,Washington,Arlington,6.6,,4.6,4.3,9.6,26,1.22,Rainy,Low,Wallet,No,Completed,Suburban,Urban,Mini,13,2,50,12,165.2,201.544,6.353846154,6,No,Saturday,Yes,No,No,Yes,0,201.544,
06-08-2016 09:31,08-06-2016 09:53,Business,Morrisville,Cary,8,,4.8,4.2,21.72,42,1.47,Clear,Medium,Card,No,Completed,Rural,Urban,Mini,1,0,50,12,310.64,456.6408,7.396190476,9,Yes,Saturday,Yes,Yes,No,Yes,0,456.6408,
07-08-2016 17:14,08-07-2016 17:23,Business,Whitebridge,Edgehill Farms,2.7,,4.3,3.1,23.01,103,2.5,Clear,High,Card,No,Cancelled by Passenger,Rural,Rural,Sedan,5,4,50,12,326.12,815.3,3.166213592,17,Yes,Sunday,Yes,Yes,Yes,No,0,815.3,
07-08-2016 17:28,08-07-2016 17:43,Business,Edgehill Farms,Whitebridge,2.7,Customer Visit,4.3,4,3.97,113,1.55,Rainy,Medium,Card,Yes,Cancelled by Passenger,Urban,Urban,Sedan,2,1,50,12,97.64,151.342,0.864070796,17,Yes,Sunday,Yes,No,No,No,9.764,141.578,
07-08-2016 18:17,08-07-2016 18:23,Business,Cary,Morrisville,2.5,,3.7,3.3,15.9,84,2.25,Rainy,Medium,Cash,Yes,Completed,Urban,Suburban,Mini,10,3,50,12,240.8,541.8,2.866666667,18,Yes,Sunday,Yes,Yes,No,No,24.08,517.72,
07-08-2016 20:15,08-07-2016 20:23,Business,Morrisville,Cary,2.5,Meal/Entertain,4.2,4.5,15.76,12,1.16,Stormy,Medium,UPI,No,Cancelled by Passenger,Rural,Suburban,Auto,10,0,50,12,239.12,277.3792,19.92666667,20,Yes,Sunday,Yes,Yes,No,No,0,277.3792,
08-08-2016 16:17,08-08-2016 16:31,Business,Whitebridge,Farmington Woods,5.2,,4.3,4,11.71,66,1.9,Rainy,High,Wallet,No,Cancelled by Passenger,Urban,Rural,SUV,14,3,50,12,190.52,361.988,2.886666667,16,No,Monday,No,No,Yes,No,0,361.988,
08-08-2016 16:37,08-08-2016 16:50,Business,Farmington Woods,Edgehill Farms,4,,3.9,4.4,28.05,51,2.48,Clear,High,Card,No,Completed,Suburban,Suburban,SUV,4,2,50,12,386.6,958.768,7.580392157,16,No,Monday,No,Yes,Yes,No,0,958.768,
08-08-2016 17:02,08-08-2016 17:13,Business,Edgehill Farms,Whitebridge,2.7,Customer Visit,3.9,3.1,25,21,2.37,Foggy,Low,UPI,Yes,Completed,Suburban,Rural,SUV,1,0,50,12,350,829.5,16.66666667,17,Yes,Monday,No,Yes,No,No,35,794.5,
08-08-2016 21:50,08-08-2016 22:15,Business,Cary,Morrisville,4.8,,4.1,3.2,21.22,21,2.63,Rainy,High,Wallet,Yes,Cancelled by Driver,Urban,Suburban,Sedan,7,0,50,12,304.64,801.2032,14.50666667,21,No,Monday,No,Yes,Yes,No,30.464,770.7392,
08-08-2016 23:28,08-08-2016 23:37,Business,Morrisville,Cary,3.2,Customer Visit,3.5,4.4,21.72,94,2.75,Rainy,Medium,UPI,Yes,Completed,Urban,Rural,Auto,8,0,50,12,310.64,854.26,3.304680851,23,No,Monday,No,Yes,No,No,31.064,823.196,
09-08-2016 14:20,08-09-2016 14:38,Business,Whitebridge,Waverly Place,6.9,,4,3.1,14.39,17,2.55,Stormy,Medium,Cash,No,Cancelled by Passenger,Urban,Suburban,Mini,5,1,50,12,222.68,567.834,13.09882353,14,No,Tuesday,No,No,No,No,0,567.834,
09-08-2016 15:15,08-09-2016 15:36,Business,Cary,Raleigh,14.9,,3.8,3.1,27.71,21,2.34,Stormy,Low,Cash,Yes,Completed,Suburban,Suburban,Auto,2,0,50,12,382.52,895.0968,18.2152381,15,No,Tuesday,No,Yes,No,No,38.252,856.8448,
09-08-2016 16:04,08-09-2016 16:37,Business,Raleigh,Cary,17.4,,4,3,21.14,42,1.06,Rainy,High,Cash,No,Completed,Urban,Urban,Auto,8,3,50,12,303.68,321.9008,7.23047619,16,No,Tuesday,No,Yes,Yes,No,0,321.9008,
10-08-2016 16:56,08-10-2016 17:24,Business,Cary,Durham,12.9,,3.7,4.9,22.14,85,2.07,Clear,Medium,Card,Yes,Completed,Rural,Urban,SUV,1,1,50,12,315.68,653.4576,3.713882353,16,No,Wednesday,No,Yes,No,No,31.568,621.8896,
10-08-2016 17:53,08-10-2016 18:28,Business,Durham,Apex,15.3,,4.8,4.5,25.99,116,1.08,Clear,Low,Wallet,No,Cancelled by Driver,Urban,Urban,Mini,7,0,50,12,361.88,390.8304,3.119655172,17,Yes,Wednesday,No,Yes,No,Yes,0,390.8304,
10-08-2016 18:49,08-10-2016 18:50,Business,Apex,Apex,1,,4.4,3.7,8.95,82,2.62,Foggy,Low,Cash,No,Cancelled by Driver,Rural,Urban,Auto,1,3,50,12,157.4,412.388,1.919512195,18,Yes,Wednesday,No,No,No,No,0,412.388,
10-08-2016 19:47,08-10-2016 20:02,Business,Apex,Cary,6,,4.5,3.6,24.41,49,1.64,Rainy,Medium,Card,Yes,Cancelled by Passenger,Urban,Urban,Mini,12,3,50,12,342.92,562.3888,6.998367347,19,Yes,Wednesday,No,Yes,No,Yes,34.292,528.0968,
11-08-2016 12:53,08-11-2016 13:00,Business,Whitebridge,Heritage Pines,2.2,,4.7,3.7,6.66,10,2.12,Stormy,Medium,Card,No,Cancelled by Driver,Urban,Urban,Sedan,6,4,50,12,129.92,275.4304,12.992,12,No,Thursday,No,No,No,Yes,0,275.4304,
11-08-2016 13:14,08-11-2016 13:28,Business,Heritage Pines,Edgehill Farms,4.4,,4.2,4.5,11.01,39,1.56,Clear,High,Card,No,Completed,Suburban,Rural,SUV,13,3,50,12,182.12,284.1072,4.66974359,13,No,Thursday,No,No,Yes,No,0,284.1072,
11-08-2016 13:32,08-11-2016 13:42,Business,Edgehill Farms,Whitebridge,2.8,,3.6,4.3,10.73,114,2.57,Foggy,Low,Card,No,Cancelled by Driver,Rural,Rural,Mini,6,2,50,12,178.76,459.4132,1.568070175,13,No,Thursday,No,No,No,No,0,459.4132,
11-08-2016 18:37,08-11-2016 19:29,Business,Cary,Wake Forest,31.7,,4.3,3.4,29.38,18,2.77,Rainy,Medium,Cash,Yes,Completed,Rural,Urban,Sedan,5,0,50,12,402.56,1115.0912,22.36444444,18,Yes,Thursday,No,Yes,No,No,40.256,1074.8352,
11-08-2016 20:59,08-11-2016 21:44,Business,Wake Forest,Cary,31.9,,4.4,3.3,25.84,115,1.8,Clear,Low,Card,No,Cancelled by Driver,Rural,Rural,Sedan,2,0,50,12,360.08,648.144,3.131130435,20,Yes,Thursday,No,Yes,No,No,0,648.144,
12-08-2016 18:49,08-12-2016 18:52,Business,Whitebridge,Westpark Place,1.9,,4.6,3.2,21.33,76,2.73,Rainy,High,Cash,Yes,Cancelled by Driver,Suburban,Urban,Sedan,2,0,50,12,305.96,835.2708,4.025789474,18,Yes,Friday,No,Yes,Yes,Yes,30.596,804.6748,
12-08-2016 18:56,08-12-2016 19:05,Business,Westpark Place,Whitebridge,1.8,,4.1,4.3,22.08,65,1.53,Rainy,Medium,Cash,Yes,Cancelled by Driver,Rural,Rural,Auto,9,3,50,12,314.96,481.8888,4.845538462,18,Yes,Friday,No,Yes,No,No,31.496,450.3928,
,8/13/2016 15:58,Business,Cary,Morrisville,8.4,Meeting,3.7,4.5,17.3,19,2.07,Clear,High,Card,No,Completed,Suburban,Suburban,Auto,5,3,50,12,257.6,533.232,13.55789474,,No,,No,Yes,Yes,No,0,533.232,
,8/15/2016 9:52,Business,R?walpindi,Unknown Location,15.6,,3.9,3.5,28.47,58,2.72,Clear,Low,Cash,Yes,Cancelled by Driver,Urban,Rural,SUV,5,0,50,12,391.64,1065.2608,6.752413793,,No,,No,Yes,No,No,39.164,1026.0968,
,8/15/2016 15:47,Business,Unknown Location,Unknown Location,14.1,,4,3,15.39,31,1.65,Clear,High,Wallet,No,Completed,Urban,Rural,SUV,7,1,50,12,234.68,387.222,7.570322581,,No,,No,Yes,Yes,No,0,387.222,
,8/15/2016 17:30,Business,Unknown Location,Unknown Location,15.7,,4.5,3.2,12.04,17,2.91,Rainy,High,Wallet,Yes,Completed,Rural,Rural,Sedan,6,1,50,12,194.48,565.9368,11.44,,No,,No,No,Yes,Yes,19.448,546.4888,
,8/15/2016 20:30,Business,Unknown Location,Unknown Location,25.9,Temporary Site,4.4,4.9,5.73,117,1.24,Rainy,Low,UPI,No,Cancelled by Passenger,Urban,Suburban,SUV,2,2,50,12,118.76,147.2624,1.015042735,,No,,No,No,No,No,0,147.2624,
,8/16/2016 8:11,Business,Unknown Location,Unknown Location,7.9,,4,3.6,23.8,35,1.04,Foggy,High,Wallet,Yes,Cancelled by Driver,Urban,Urban,Auto,11,4,50,12,335.6,349.024,9.588571429,,No,,No,Yes,Yes,No,33.56,315.464,
,8/16/2016 8:23,Business,Unknown Location,Unknown Location,2.7,,5,4.5,22.3,39,2.81,Stormy,Low,Cash,No,Cancelled by Passenger,Rural,Rural,SUV,1,2,50,12,317.6,892.456,8.143589744,,No,,No,Yes,No,Yes,0,892.456,
,8/16/2016 8:53,Business,Unknown Location,Unknown Location,5.5,,4.4,4.2,12.15,64,1.14,Rainy,Medium,Cash,No,Cancelled by Passenger,Urban,Rural,Mini,5,0,50,12,195.8,223.212,3.059375,,No,,No,No,No,No,0,223.212,
,8/16/2016 10:27,Business,Unknown Location,Islamabad,5.7,,3.9,3.8,1.73,10,2.98,Stormy,Low,Wallet,No,Completed,Rural,Suburban,Auto,4,0,50,12,70.76,210.8648,7.076,,No,,No,No,No,No,0,210.8648,
,8/16/2016 10:38,Business,Islamabad,Islamabad,1.2,,3.7,3.4,25.33,73,2.9,Clear,Low,Card,No,Cancelled by Driver,Rural,Urban,Sedan,12,0,50,12,353.96,1026.484,4.848767123,,No,,No,Yes,No,No,0,1026.484,
,8/16/2016 12:03,Business,Islamabad,Unknown Location,5.7,Temporary Site,3.7,3.2,1.33,90,1.27,Rainy,Medium,Card,Yes,Completed,Urban,Rural,Sedan,3,4,50,12,65.96,83.7692,0.732888889,,No,,No,No,No,No,6.596,77.1732,
,8/16/2016 15:36,Business,Unknown Location,Unknown Location,16.2,,3.9,4.2,21.41,62,2.08,Foggy,Low,Cash,Yes,Completed,Urban,Suburban,SUV,2,3,50,12,306.92,638.3936,4.950322581,,No,,No,Yes,No,No,30.692,607.7016,
,8/17/2016 10:41,Business,Unknown Location,Unknown Location,2.6,,3.7,4.5,29.14,53,1.37,Foggy,Medium,Card,No,Cancelled by Driver,Urban,Urban,Auto,10,4,50,12,399.68,547.5616,7.541132075,,No,,No,Yes,No,No,0,547.5616,
,8/17/2016 11:20,Business,Unknown Location,Unknown Location,12.1,,3.8,4.3,13.69,27,1.86,Stormy,Medium,UPI,Yes,Completed,Urban,Urban,Sedan,2,2,50,12,214.28,398.5608,7.936296296,,No,,No,No,No,No,21.428,377.1328,
,8/17/2016 14:50,Business,Unknown Location,R?walpindi,1.4,,3.9,4.1,7.81,93,1.12,Clear,Low,UPI,No,Cancelled by Driver,Urban,Rural,Sedan,14,3,50,12,143.72,160.9664,1.545376344,,No,,No,No,No,No,0,160.9664,
,8/17/2016 15:47,Business,R?walpindi,Islamabad,6.4,,3.8,3.1,21.44,38,1.45,Stormy,High,Wallet,No,Cancelled by Driver,Suburban,Rural,Auto,4,3,50,12,307.28,445.556,8.086315789,,No,,No,Yes,Yes,No,0,445.556,
,8/17/2016 16:50,Business,Islamabad,Unknown Location,7.3,,4.8,4.9,24.7,30,1.73,Clear,High,Wallet,Yes,Completed,Urban,Rural,Auto,2,2,50,12,346.4,599.272,11.54666667,,No,,No,Yes,Yes,Yes,34.64,564.632,
,8/17/2016 17:00,Business,Unknown Location,Unknown Location,5.3,,3.6,4.6,16.85,51,1.88,Foggy,Medium,Card,Yes,Completed,Suburban,Rural,Sedan,4,3,50,12,252.2,474.136,4.945098039,,No,,No,Yes,No,No,25.22,448.916,
,8/17/2016 17:34,Business,Unknown Location,Unknown Location,5.5,,4.3,3.6,29.04,9,2.95,Stormy,High,Cash,No,Cancelled by Passenger,Rural,Suburban,SUV,3,1,50,12,398.48,1175.516,44.27555556,,No,,No,Yes,Yes,No,0,1175.516,
,8/17/2016 18:57,Business,Unknown Location,Unknown Location,7.7,Temporary Site,4.1,5,2.5,94,2.62,Foggy,High,Wallet,Yes,Completed,Urban,Suburban,SUV,9,2,50,12,80,209.6,0.85106383,,No,,No,No,Yes,No,8,201.6,
,8/18/2016 19:07,Business,Unknown Location,Unknown Location,7.6,Temporary Site,5,4.2,15.64,24,2.47,Foggy,Low,UPI,No,Cancelled by Driver,Urban,Rural,SUV,7,2,50,12,237.68,587.0696,9.903333333,,No,,No,Yes,No,Yes,0,587.0696,
,8/19/2016 8:45,Business,Unknown Location,Noorpur Shahan,7.6,,3.7,4.2,21.84,10,2.07,Clear,Medium,Wallet,Yes,Cancelled by Passenger,Urban,Urban,Mini,14,1,50,12,312.08,646.0056,31.208,,No,,No,Yes,No,No,31.208,614.7976,
,8/19/2016 9:07,Business,Noorpur Shahan,Islamabad,3.3,,4.1,4.5,26.02,74,2.68,Stormy,Medium,Wallet,Yes,Cancelled by Driver,Rural,Rural,Auto,13,4,50,12,362.24,970.8032,4.895135135,,No,,No,Yes,No,No,36.224,934.5792,
,8/19/2016 9:47,Business,Islamabad,R?walpindi,6.5,,5,4.6,6.2,63,1.68,Stormy,Low,UPI,Yes,Cancelled by Passenger,Suburban,Urban,Sedan,11,4,50,12,124.4,208.992,1.974603175,,No,,No,No,No,Yes,12.44,196.552,
,8/19/2016 11:06,Business,R?walpindi,Unknown Location,2,,4.8,4.3,24.2,68,2.42,Foggy,High,Cash,Yes,Completed,Suburban,Urban,Mini,12,4,50,12,340.4,823.768,5.005882353,,No,,No,Yes,Yes,Yes,34.04,789.728,
,8/19/2016 12:24,Business,Unknown Location,Islamabad,5.7,,4.7,3.3,17.03,118,2.99,Foggy,Medium,Wallet,Yes,Completed,Urban,Urban,SUV,3,3,50,12,254.36,760.5364,2.15559322,,No,,No,Yes,No,Yes,25.436,735.1004,
,8/19/2016 16:06,Business,Islamabad,Islamabad,3.2,,3.9,3.7,12.5,22,1.63,Clear,High,Wallet,No,Completed,Urban,Suburban,Mini,13,1,50,12,200,326,9.090909091,,No,,No,No,Yes,No,0,326,
,8/19/2016 17:52,Business,Islamabad,Unknown Location,12.5,,3.8,4.9,4.82,8,2.35,Rainy,Medium,Wallet,Yes,Cancelled by Driver,Urban,Urban,Sedan,14,2,50,12,107.84,253.424,13.48,,No,,No,No,No,No,10.784,242.64,
,8/21/2016 10:29,Business,Unknown Location,Unknown Location,7.6,Airport/Travel,4.5,3.4,26.09,21,2.69,Rainy,Medium,Card,Yes,Cancelled by Passenger,Urban,Urban,Sedan,8,2,50,12,363.08,976.6852,17.28952381,,No,,No,Yes,No,Yes,36.308,940.3772,
,8/21/2016 14:34,Business,Unknown Location,Unknown Location,7.7,,4.9,3.7,5.56,18,2.83,Foggy,Medium,Wallet,No,Cancelled by Driver,Rural,Suburban,Auto,9,2,50,12,116.72,330.3176,6.484444444,,No,,No,No,No,Yes,0,330.3176,
,8/21/2016 17:02,Business,Unknown Location,Islamabad,12.2,,4.3,3.9,9.98,82,2.44,Rainy,Medium,UPI,No,Cancelled by Passenger,Urban,Urban,SUV,13,3,50,12,169.76,414.2144,2.070243902,,No,,No,No,No,No,0,414.2144,
,8/21/2016 18:17,Business,Islamabad,Islamabad,1.4,,4.4,3.9,9.41,17,1.57,Rainy,High,Cash,No,Completed,Rural,Urban,SUV,7,3,50,12,162.92,255.7844,9.583529412,,No,,No,No,Yes,No,0,255.7844,
,8/21/2016 19:24,Business,Islamabad,Unknown Location,20.2,,3.9,4.2,26.27,11,1.65,Rainy,High,Cash,Yes,Cancelled by Driver,Urban,Rural,Mini,6,4,50,12,365.24,602.646,33.20363636,,No,,No,Yes,Yes,No,36.524,566.122,
,8/22/2016 10:44,Business,Unknown Location,Islamabad,9.8,,4.7,4.9,20.51,48,1.04,Rainy,High,UPI,Yes,Completed,Suburban,Urban,SUV,4,3,50,12,296.12,307.9648,6.169166667,,No,,No,Yes,Yes,Yes,29.612,278.3528,
,8/22/2016 11:23,Business,Islamabad,Unknown Location,6.3,,3.8,3.5,24.1,19,2.52,Foggy,High,Card,No,Cancelled by Driver,Suburban,Urban,Mini,5,4,50,12,339.2,854.784,17.85263158,,No,,No,Yes,Yes,No,0,854.784,
,8/22/2016 12:49,Business,Unknown Location,Islamabad,4.9,,4,3.2,8.26,23,1.09,Rainy,Low,UPI,No,Completed,Urban,Urban,Sedan,8,4,50,12,149.12,162.5408,6.483478261,,No,,No,No,No,No,0,162.5408,
,8/22/2016 13:11,Business,Islamabad,Islamabad,1.5,,4.1,3.4,19.12,67,2.73,Rainy,Medium,Cash,No,Cancelled by Driver,Urban,Urban,Sedan,3,2,50,12,279.44,762.8712,4.170746269,,No,,No,Yes,No,No,0,762.8712,
,8/22/2016 14:31,Business,Islamabad,Unknown Location,10.9,,4.3,4.8,17.58,111,1.24,Clear,Medium,UPI,No,Cancelled by Driver,Rural,Urban,Sedan,2,3,50,12,260.96,323.5904,2.350990991,,No,,No,Yes,No,No,0,323.5904,
,8/22/2016 15:49,Business,Unknown Location,Unknown Location,19,,3.9,4.3,25.15,115,1.34,Foggy,Medium,Card,Yes,Cancelled by Passenger,Urban,Suburban,Sedan,3,4,50,12,351.8,471.412,3.059130435,,No,,No,Yes,No,No,35.18,436.232,
,8/22/2016 17:16,Business,Unknown Location,Unknown Location,19,,3.7,3.6,27.28,112,1.95,Stormy,Low,Cash,Yes,Completed,Urban,Urban,Sedan,12,1,50,12,377.36,735.852,3.369285714,,No,,No,Yes,No,No,37.736,698.116,
,8/22/2016 20:50,Business,Unknown Location,R?walpindi,7.9,,4.4,4.6,1.35,39,2.48,Stormy,High,Card,Yes,Cancelled by Passenger,Urban,Urban,Mini,7,1,50,12,66.2,164.176,1.697435897,,No,,No,No,Yes,No,6.62,157.556,
,8/22/2016 21:31,Business,R?walpindi,R?walpindi,4.1,,3.9,4.7,20.55,85,1.28,Clear,Medium,UPI,Yes,Cancelled by Passenger,Suburban,Suburban,Sedan,8,3,50,12,296.6,379.648,3.489411765,,No,,No,Yes,No,No,29.66,349.988,
,8/22/2016 23:00,Business,R?walpindi,Unknown Location,18.7,,4.4,4.7,2.5,39,1.88,Clear,High,Wallet,Yes,Completed,Rural,Suburban,Mini,1,2,50,12,80,150.4,2.051282051,,No,,No,No,Yes,No,8,142.4,
,8/23/2016 8:25,Business,Unknown Location,Noorpur Shahan,8.7,,3.7,4.8,16.92,23,1.97,Foggy,High,UPI,No,Cancelled by Driver,Suburban,Urban,Sedan,13,2,50,12,253.04,498.4888,11.00173913,,No,,No,Yes,Yes,No,0,498.4888,
,8/23/2016 10:09,Business,Noorpur Shahan,Unknown Location,7.5,,4.2,3.5,9.34,24,1.42,Stormy,Low,Card,Yes,Cancelled by Passenger,Rural,Urban,Mini,7,4,50,12,162.08,230.1536,6.753333333,,No,,No,No,No,No,16.208,213.9456,
,8/23/2016 13:15,Business,Unknown Location,Noorpur Shahan,7.7,,4.3,4.5,9.9,104,1.23,Rainy,Low,UPI,No,Completed,Suburban,Urban,Mini,9,3,50,12,168.8,207.624,1.623076923,,No,,No,No,No,No,0,207.624,
,8/23/2016 13:30,Business,Noorpur Shahan,Islamabad,4.4,,3.6,3.9,11.24,39,2.67,Clear,High,Wallet,No,Cancelled by Driver,Urban,Rural,Mini,12,1,50,12,184.88,493.6296,4.740512821,,No,,No,No,Yes,No,0,493.6296,
,8/23/2016 14:04,Business,Islamabad,Unknown Location,5,,4,4.7,19.02,36,2,Stormy,Medium,Card,No,Cancelled by Passenger,Suburban,Rural,SUV,13,4,50,12,278.24,556.48,7.728888889,,No,,No,Yes,No,No,0,556.48,
,8/23/2016 15:12,Business,Unknown Location,Unknown Location,1.9,,3.7,4.5,10.69,52,1.03,Foggy,Medium,UPI,Yes,Cancelled by Passenger,Suburban,Urban,Mini,14,4,50,12,178.28,183.6284,3.428461538,,No,,No,No,No,No,17.828,165.8004,
,8/23/2016 17:16,Business,Unknown Location,Unknown Location,7.9,,3.6,4.6,22.25,48,2.61,Rainy,Low,Card,No,Cancelled by Passenger,Rural,Suburban,Mini,14,0,50,12,317,827.37,6.604166667,,No,,No,Yes,No,No,0,827.37,
,8/23/2016 18:31,Business,Unknown Location,Unknown Location,17.7,,5,4.3,12.73,108,2.96,Foggy,Low,Card,Yes,Cancelled by Driver,Rural,Urban,Sedan,3,3,50,12,202.76,600.1696,1.877407407,,No,,No,No,No,Yes,20.276,579.8936,
,8/24/2016 12:56,Business,Unknown Location,Unknown Location,25.2,,4,3.4,2.98,28,2.21,Clear,Low,Cash,No,Cancelled by Passenger,Suburban,Suburban,Mini,3,4,50,12,85.76,189.5296,3.062857143,,No,,No,No,No,No,0,189.5296,
,8/24/2016 15:25,Business,Unknown Location,Unknown Location,96.2,,4.7,4.1,23.73,65,2.01,Stormy,Low,Cash,Yes,Cancelled by Driver,Rural,Suburban,Mini,8,1,50,12,334.76,672.8676,5.150153846,,No,,No,Yes,No,Yes,33.476,639.3916,
,8/25/2016 16:22,Business,Unknown Location,Unknown Location,35,,3.9,5,9.29,21,2.76,Stormy,Low,Card,No,Cancelled by Passenger,Rural,Suburban,Auto,4,0,50,12,161.48,445.6848,7.68952381,,No,,No,No,No,No,0,445.6848,
,8/25/2016 16:56,Business,Unknown Location,Unknown Location,5.5,,4.5,4.9,13.55,75,2.91,Stormy,Low,UPI,Yes,Completed,Rural,Urban,SUV,14,1,50,12,212.6,618.666,2.834666667,,No,,No,No,No,Yes,21.26,597.406,
,8/25/2016 19:20,Business,Unknown Location,Unknown Location,50.4,,4.6,3.1,20.88,111,2.51,Stormy,Low,UPI,No,Cancelled by Passenger,Rural,Urban,Auto,8,2,50,12,300.56,754.4056,2.707747748,,No,,No,Yes,No,Yes,0,754.4056,
,8/25/2016 19:57,Business,Unknown Location,Lahore,9.2,,4.4,3.3,10.64,54,1.89,Rainy,Medium,UPI,No,Completed,Rural,Suburban,Sedan,5,0,50,12,177.68,335.8152,3.29037037,,No,,No,No,No,No,0,335.8152,
,8/25/2016 23:16,Business,Lahore,Unknown Location,7.3,,4.2,3.3,2.64,69,2.18,Rainy,Low,Wallet,No,Completed,Suburban,Rural,SUV,14,0,50,12,81.68,178.0624,1.183768116,,No,,No,No,No,No,0,178.0624,
,8/26/2016 9:20,Business,Unknown Location,Unknown Location,5,,4.1,4.5,11.84,103,2.4,Foggy,Low,Card,No,Completed,Rural,Rural,SUV,3,4,50,12,192.08,460.992,1.864854369,,No,,No,No,No,No,0,460.992,
,8/26/2016 11:26,Business,Unknown Location,Unknown Location,3.8,,4,4.6,28.39,36,1.39,Rainy,Medium,Card,Yes,Cancelled by Driver,Urban,Rural,Auto,4,2,50,12,390.68,543.0452,10.85222222,,No,,No,Yes,No,No,39.068,503.9772,
,8/26/2016 12:20,Business,Unknown Location,Lahore,3.9,,4.9,3.4,19.61,40,1.89,Clear,Medium,Wallet,Yes,Completed,Suburban,Suburban,SUV,14,4,50,12,285.32,539.2548,7.133,,No,,No,Yes,No,Yes,28.532,510.7228,
,8/26/2016 14:33,Business,Lahore,Lahore,7.4,,4.7,4,20.47,17,2.66,Clear,High,Card,Yes,Cancelled by Passenger,Suburban,Urban,Auto,4,3,50,12,295.64,786.4024,17.39058824,,No,,No,Yes,Yes,Yes,29.564,756.8384,
,8/26/2016 15:35,Business,Lahore,Lahore,1.5,,4.9,4.7,19.34,74,2.31,Stormy,Low,Card,No,Cancelled by Driver,Suburban,Suburban,Mini,8,1,50,12,282.08,651.6048,3.811891892,,No,,No,Yes,No,Yes,0,651.6048,
,8/26/2016 16:24,Business,Lahore,Unknown Location,7.9,,3.7,4.5,6.77,62,1.82,Clear,Low,Wallet,No,Completed,Rural,Rural,Auto,6,1,50,12,131.24,238.8568,2.116774194,,No,,No,No,No,No,0,238.8568,
,8/26/2016 17:12,Business,Unknown Location,Lahore,2.9,,4.6,4.1,13.13,18,2.33,Foggy,Low,Cash,No,Cancelled by Driver,Urban,Urban,SUV,7,4,50,12,207.56,483.6148,11.53111111,,No,,No,No,No,Yes,0,483.6148,
,8/26/2016 18:56,Business,Lahore,Lahore,3.4,,4.9,4.2,22.78,41,1.24,Rainy,Low,Card,No,Cancelled by Driver,Rural,Suburban,SUV,9,1,50,12,323.36,400.9664,7.886829268,,No,,No,Yes,No,Yes,0,400.9664,
,8/26/2016 19:54,Business,Lahore,Lahore,3.8,,3.8,4,3.94,116,1.8,Rainy,High,Wallet,No,Cancelled by Driver,Suburban,Suburban,Sedan,6,1,50,12,97.28,175.104,0.83862069,,No,,No,No,Yes,No,0,175.104,
,8/26/2016 20:16,Business,Lahore,Unknown Location,5.9,,3.6,3.6,9.06,83,2.59,Rainy,Medium,UPI,No,Cancelled by Passenger,Suburban,Rural,Sedan,3,3,50,12,158.72,411.0848,1.912289157,,No,,No,No,No,No,0,411.0848,
,8/27/2016 10:11,Business,Unknown Location,Lahore,9.6,,4.6,4.1,9.01,115,1.44,Clear,Medium,Cash,Yes,Completed,Suburban,Suburban,Sedan,13,2,50,12,158.12,227.6928,1.374956522,,No,,No,No,No,Yes,15.812,211.8808,
,8/27/2016 12:06,Business,Lahore,Lahore,7,,4.4,4.4,13.53,72,1.37,Rainy,Low,UPI,Yes,Cancelled by Driver,Suburban,Urban,Sedan,3,0,50,12,212.36,290.9332,2.949444444,,No,,No,No,No,No,21.236,269.6972,
,8/27/2016 12:17,Business,Lahore,Lahore,0.9,,4.8,4.7,29.43,44,2.9,Stormy,Low,Card,Yes,Cancelled by Driver,Rural,Rural,SUV,11,4,50,12,403.16,1169.164,9.162727273,,No,,No,Yes,No,Yes,40.316,1128.848,
,8/27/2016 15:44,Business,Lahore,Unknown Location,86.6,,3.7,4.3,2.96,63,1.42,Stormy,Low,Cash,Yes,Cancelled by Driver,Urban,Rural,Sedan,3,4,50,12,85.52,121.4384,1.357460317,,No,,No,No,No,No,8.552,112.8864,
,8/27/2016 19:13,Business,Unknown Location,Unknown Location,156.9,,4.7,4.5,16.04,84,1.52,Stormy,High,Wallet,Yes,Completed,Urban,Urban,Auto,12,3,50,12,242.48,368.5696,2.886666667,,No,,No,Yes,Yes,Yes,24.248,344.3216,
,8/28/2016 10:18,Business,Unknown Location,Noorpur Shahan,10.1,,3.8,3.3,6.2,96,2.94,Clear,High,Card,Yes,Cancelled by Driver,Suburban,Rural,Mini,10,3,50,12,124.4,365.736,1.295833333,,No,,No,No,Yes,No,12.44,353.296,
,8/28/2016 16:55,Business,Noorpur Shahan,Islamabad,6.2,,3.7,3.9,29.15,20,2.47,Rainy,Medium,Wallet,Yes,Cancelled by Driver,Urban,Suburban,SUV,2,0,50,12,399.8,987.506,19.99,,No,,No,Yes,No,No,39.98,947.526,
,8/28/2016 17:55,Business,Islamabad,Islamabad,5.3,,3.7,3,4.29,66,2.4,Clear,Low,Cash,Yes,Cancelled by Passenger,Suburban,Suburban,Sedan,1,2,50,12,101.48,243.552,1.537575758,,No,,No,No,No,No,10.148,233.404,
,8/28/2016 21:59,Business,Islamabad,Unknown Location,12.1,,4.7,3.5,12.7,8,2.71,Rainy,Low,UPI,No,Completed,Suburban,Rural,SUV,11,4,50,12,202.4,548.504,25.3,,No,,No,No,No,Yes,0,548.504,
,8/29/2016 12:31,Business,Unknown Location,Islamabad,10.8,,4.5,4.5,22.4,49,1.23,Foggy,Low,Card,No,Cancelled by Passenger,Urban,Urban,Sedan,10,3,50,12,318.8,392.124,6.506122449,,No,,No,Yes,No,Yes,0,392.124,
,8/29/2016 13:48,Business,Islamabad,Islamabad,4.3,,4.3,5,21.43,94,2.41,Foggy,Low,Card,No,Completed,Suburban,Suburban,SUV,1,4,50,12,307.16,740.2556,3.267659574,,No,,No,Yes,No,No,0,740.2556,
,8/29/2016 14:41,Business,Islamabad,Islamabad,2.5,,4,3.2,13.26,32,2.01,Clear,High,Wallet,No,Completed,Urban,Urban,Sedan,4,1,50,12,209.12,420.3312,6.535,,No,,No,No,Yes,No,0,420.3312,
,8/29/2016 15:04,Business,Islamabad,Unknown Location,5.7,Temporary Site,4.8,3.8,11.05,100,2.66,Stormy,Medium,Cash,No,Completed,Suburban,Suburban,Mini,3,4,50,12,182.6,485.716,1.826,,No,,No,No,No,Yes,0,485.716,
,8/29/2016 15:59,Business,Unknown Location,Islamabad,2.8,,4.1,4.6,12.53,113,2.02,Clear,Medium,Wallet,No,Cancelled by Passenger,Urban,Suburban,Sedan,5,2,50,12,200.36,404.7272,1.773097345,,No,,No,No,No,No,0,404.7272,
,8/29/2016 16:21,Business,Islamabad,Unknown Location,4,,4.7,3.4,8.66,70,2.24,Stormy,High,Cash,No,Cancelled by Passenger,Suburban,Rural,Auto,12,2,50,12,153.92,344.7808,2.198857143,,No,,No,No,Yes,Yes,0,344.7808,
,8/29/2016 17:41,Business,Unknown Location,Islamabad,5.5,,4.2,4.1,6.95,35,1.96,Rainy,Low,Card,Yes,Cancelled by Passenger,Urban,Rural,SUV,9,4,50,12,133.4,261.464,3.811428571,,No,,No,No,No,No,13.34,248.124,
,8/29/2016 18:36,Business,Islamabad,Islamabad,2.6,,4.1,4.5,15.01,7,1.96,Stormy,Medium,Cash,Yes,Cancelled by Passenger,Suburban,Urban,SUV,12,1,50,12,230.12,451.0352,32.87428571,,No,,No,Yes,No,No,23.012,428.0232,
,8/30/2016 12:05,Business,Unknown Location,Unknown Location,2.1,,4.2,4.2,8.79,12,2.54,Stormy,Medium,Card,No,Cancelled by Driver,Suburban,Rural,Auto,13,2,50,12,155.48,394.9192,12.95666667,,No,,No,No,No,No,0,394.9192,
,8/30/2016 13:09,Business,Unknown Location,Islamabad,8.8,,4,3.4,9.34,28,2.26,Rainy,High,Cash,Yes,Cancelled by Driver,Suburban,Suburban,Auto,8,3,50,12,162.08,366.3008,5.788571429,,No,,No,No,Yes,No,16.208,350.0928,
,8/30/2016 13:46,Business,Islamabad,Islamabad,4.4,,4.6,3.7,20.05,19,2.27,Foggy,Low,UPI,Yes,Cancelled by Driver,Urban,Suburban,Mini,12,4,50,12,290.6,659.662,15.29473684,,No,,No,Yes,No,Yes,29.06,630.602,
,8/30/2016 14:20,Business,Islamabad,Unknown Location,5.3,,4.3,4.6,29.09,47,1.9,Rainy,Medium,Cash,Yes,Completed,Rural,Urban,SUV,9,1,50,12,399.08,758.252,8.49106383,,No,,No,Yes,No,No,39.908,718.344,
,8/30/2016 18:09,Business,Unknown Location,Unknown Location,13,,3.8,4.1,18.51,35,2.06,Clear,Low,UPI,Yes,Cancelled by Driver,Suburban,Urban,Mini,13,3,50,12,272.12,560.5672,7.774857143,,No,,No,Yes,No,No,27.212,533.3552,
01-09-2016 11:51,09-01-2016 12:24,Business,Unknown Location,Islamabad,13,,4.8,3,3.23,77,2.49,Clear,Medium,Cash,Yes,Completed,Suburban,Suburban,SUV,5,4,50,12,88.76,221.0124,1.152727273,11,No,Thursday,No,No,No,Yes,8.876,212.1364,
01-09-2016 17:21,09-01-2016 17:36,Business,Islamabad,Unknown Location,10.6,,4.1,4.5,3.19,107,2.65,Clear,High,Cash,No,Cancelled by Passenger,Urban,Rural,SUV,8,1,50,12,88.28,233.942,0.825046729,17,Yes,Thursday,No,No,Yes,No,0,233.942,
01-09-2016 18:49,09-01-2016 19:08,Business,Unknown Location,Unknown Location,2.2,,4.3,3.1,28.59,49,2.39,Clear,Low,Wallet,Yes,Completed,Suburban,Rural,Mini,4,3,50,12,393.08,939.4612,8.022040816,18,Yes,Thursday,No,Yes,No,No,39.308,900.1532,
02-09-2016 11:37,09-02-2016 12:24,Business,Unknown Location,Islamabad,9.2,,4.9,4.5,9.62,70,2.85,Clear,High,Wallet,No,Completed,Suburban,Urban,SUV,5,2,50,12,165.44,471.504,2.363428571,11,No,Friday,No,No,Yes,Yes,0,471.504,
02-09-2016 18:56,09-02-2016 19:37,Business,Unknown Location,Unknown Location,12.9,,4.4,3.4,3.67,12,2.64,Foggy,Medium,Card,No,Cancelled by Driver,Suburban,Urban,SUV,12,4,50,12,94.04,248.2656,7.836666667,18,Yes,Friday,No,No,No,No,0,248.2656,
05-09-2016 10:25,09-05-2016 10:44,Business,Unknown Location,R?walpindi,17.2,,3.7,4.9,18.37,75,2.12,Foggy,High,Wallet,No,Cancelled by Passenger,Suburban,Suburban,Mini,3,4,50,12,270.44,573.3328,3.605866667,10,Yes,Monday,No,Yes,Yes,No,0,573.3328,
06-09-2016 17:49,09-06-2016 17:49,Business,Unknown Location,Unknown Location,69.1,,4.9,3.7,19.09,112,2.34,Stormy,High,Cash,Yes,Cancelled by Passenger,Rural,Suburban,Sedan,5,2,50,12,279.08,653.0472,2.491785714,17,Yes,Tuesday,No,Yes,Yes,Yes,27.908,625.1392,
10-09-2016 10:28,09-10-2016 10:45,Business,Unknown Location,Unknown Location,2.8,,4.4,3.7,19.81,119,2.85,Clear,High,Wallet,No,Cancelled by Driver,Rural,Urban,Mini,12,0,50,12,287.72,820.002,2.417815126,10,Yes,Saturday,Yes,Yes,Yes,No,0,820.002,
11-09-2016 09:51,09-11-2016 09:55,Business,Unknown Location,Unknown Location,8.6,,4,3.3,8.75,107,2.24,Rainy,Medium,Cash,No,Cancelled by Passenger,Suburban,Suburban,SUV,3,3,50,12,155,347.2,1.448598131,9,Yes,Sunday,Yes,No,No,No,0,347.2,
11-09-2016 21:40,09-11-2016 21:42,Business,Unknown Location,Unknown Location,9.8,,3.7,3.6,1.44,110,2.65,Clear,Low,UPI,No,Cancelled by Passenger,Suburban,Urban,Auto,5,2,50,12,67.28,178.292,0.611636364,21,No,Sunday,Yes,No,No,No,0,178.292,
12-09-2016 08:07,09-12-2016 08:12,Business,Unknown Location,Unknown Location,3.6,,4.7,4.8,28.99,61,2.38,Foggy,High,Cash,No,Cancelled by Passenger,Suburban,Urban,Sedan,11,4,50,12,397.88,946.9544,6.522622951,8,Yes,Monday,No,Yes,Yes,Yes,0,946.9544,
12-09-2016 11:15,09-12-2016 11:24,Business,Unknown Location,Unknown Location,1.7,,4.4,5,8.28,84,2.1,Clear,Low,Card,Yes,Cancelled by Driver,Rural,Rural,Auto,14,3,50,12,149.36,313.656,1.778095238,11,No,Monday,No,No,No,No,14.936,298.72,
12-09-2016 13:04,09-12-2016 13:44,Business,Unknown Location,Unknown Location,11.5,,4.3,3.7,20.6,103,1.48,Foggy,Medium,UPI,No,Cancelled by Passenger,Rural,Urban,Sedan,5,3,50,12,297.2,439.856,2.885436893,13,No,Monday,No,Yes,No,No,0,439.856,
,9/13/2016 17:02,Business,Unknown Location,Unknown Location,0.7,,4.8,3.9,21.49,34,1.85,Stormy,Low,Card,No,Completed,Urban,Suburban,Auto,6,0,50,12,307.88,569.578,9.055294118,,No,,No,Yes,No,Yes,0,569.578,
,9/14/2016 11:59,Business,Unknown Location,Unknown Location,0.7,,4.7,4.4,18.69,78,2.94,Stormy,High,Card,No,Completed,Urban,Rural,Sedan,9,4,50,12,274.28,806.3832,3.516410256,,No,,No,Yes,Yes,Yes,0,806.3832,
,9/15/2016 20:38,Business,Unknown Location,Unknown Location,0.9,,3.7,4.8,10.07,106,2.32,Stormy,High,Card,No,Cancelled by Passenger,Suburban,Rural,Mini,1,1,50,12,170.84,396.3488,1.611698113,,No,,No,No,Yes,No,0,396.3488,
,9/16/2016 7:08,Business,Unknown Location,Unknown Location,1.6,,4,4.2,8.86,22,2.13,Foggy,High,Wallet,Yes,Cancelled by Driver,Suburban,Suburban,Sedan,12,0,50,12,156.32,332.9616,7.105454545,,No,,No,No,Yes,No,15.632,317.3296,
,9/18/2016 18:11,Business,Unknown Location,Unknown Location,9.4,,3.9,3.8,18.33,118,2.87,Clear,High,Card,No,Cancelled by Driver,Rural,Suburban,Sedan,10,0,50,12,269.96,774.7852,2.28779661,,No,,No,Yes,Yes,No,0,774.7852,
,9/19/2016 6:49,Business,R?walpindi,Unknown Location,18.2,,4.6,3.8,26.12,73,2.17,Clear,High,UPI,No,Cancelled by Driver,Suburban,Suburban,Sedan,14,1,50,12,363.44,788.6648,4.978630137,,No,,No,Yes,Yes,Yes,0,788.6648,
,9/19/2016 14:56,Business,Unknown Location,Islamabad,10.5,,3.6,4.4,28.46,97,2.05,Rainy,High,Cash,No,Cancelled by Passenger,Suburban,Urban,SUV,6,1,50,12,391.52,802.616,4.03628866,,No,,No,Yes,Yes,No,0,802.616,
,9/19/2016 16:31,Business,Islamabad,Unknown Location,5.7,,4.4,3,4.07,43,2.52,Foggy,Medium,Card,No,Cancelled by Passenger,Rural,Rural,Auto,1,0,50,12,98.84,249.0768,2.298604651,,No,,No,No,No,No,0,249.0768,
,9/19/2016 18:20,Business,Unknown Location,Unknown Location,18,,4.6,4.2,5.49,64,2.43,Rainy,Medium,UPI,No,Completed,Rural,Urban,Mini,6,3,50,12,115.88,281.5884,1.810625,,No,,No,No,No,Yes,0,281.5884,
,9/19/2016 19:49,Business,Unknown Location,Islamabad,18.3,,4.8,3.7,28.4,102,1.39,Stormy,Medium,Card,No,Cancelled by Driver,Rural,Urban,Auto,2,2,50,12,390.8,543.212,3.831372549,,No,,No,Yes,No,Yes,0,543.212,
,9/20/2016 11:48,Business,Islamabad,Unknown Location,16.5,,4,4.6,22.36,47,1.94,Clear,Low,Cash,Yes,Completed,Rural,Urban,Auto,8,2,50,12,318.32,617.5408,6.772765957,,No,,No,Yes,No,No,31.832,585.7088,
,9/20/2016 22:47,Business,Unknown Location,R?walpindi,9.6,,4.7,3.2,26.61,49,1.95,Foggy,Low,UPI,No,Completed,Urban,Urban,Mini,11,0,50,12,369.32,720.174,7.537142857,,No,,No,Yes,No,Yes,0,720.174,
,9/23/2016 13:40,Business,Karachi,Karachi,2.9,,3.7,4.2,6.88,27,1.76,Rainy,Medium,UPI,Yes,Cancelled by Driver,Rural,Rural,SUV,3,3,50,12,132.56,233.3056,4.90962963,,No,,No,No,No,No,13.256,220.0496,
,9/24/2016 15:15,Business,Karachi,Unknown Location,8.2,,4.8,4,18.04,73,2.03,Rainy,Low,Cash,Yes,Cancelled by Passenger,Rural,Rural,Sedan,10,1,50,12,266.48,540.9544,3.650410959,,No,,No,Yes,No,Yes,26.648,514.3064,
,9/24/2016 20:33,Business,Unknown Location,Unknown Location,2.4,,3.7,4.3,21.33,98,1.83,Rainy,Low,UPI,No,Cancelled by Passenger,Suburban,Urban,SUV,14,0,50,12,305.96,559.9068,3.122040816,,No,,No,Yes,No,No,0,559.9068,
,9/27/2016 8:35,Business,Unknown Location,Unknown Location,5.8,,4.1,3.1,20.72,10,1.4,Clear,High,Cash,Yes,Completed,Suburban,Suburban,SUV,6,4,50,12,298.64,418.096,29.864,,No,,No,Yes,Yes,No,29.864,388.232,
,9/27/2016 14:43,Business,Lahore,Lahore,9.8,,4.7,4.2,12.84,60,1.82,Clear,High,UPI,No,Completed,Suburban,Rural,Sedan,6,3,50,12,204.08,371.4256,3.401333333,,No,,No,No,Yes,Yes,0,371.4256,
,9/27/2016 20:34,Business,Lahore,Unknown Location,7.3,,3.7,4.1,1.45,114,1.14,Clear,Low,UPI,Yes,Completed,Urban,Urban,Auto,4,4,50,12,67.4,76.836,0.59122807,,No,,No,No,No,No,6.74,70.096,
,9/28/2016 2:37,Business,Unknown Location,Unknown Location,195.6,,3.8,4.1,17.9,112,2.15,Foggy,Low,Cash,No,Completed,Rural,Suburban,Sedan,5,4,50,12,264.8,569.32,2.364285714,,No,,No,Yes,No,No,0,569.32,
,9/28/2016 19:36,Business,Islamabad,Unknown Location,20.5,,4.6,4.2,8.34,8,2.71,Clear,Medium,Cash,Yes,Cancelled by Driver,Rural,Suburban,Mini,2,0,50,12,150.08,406.7168,18.76,,No,,No,No,No,Yes,15.008,391.7088,
,9/29/2016 18:47,Business,Unknown Location,Islamabad,12.6,,4.6,4.4,14.06,97,2.45,Foggy,Low,UPI,Yes,Completed,Urban,Urban,Sedan,10,3,50,12,218.72,535.864,2.254845361,,No,,No,No,No,Yes,21.872,513.992,
,9/30/2016 20:20,Business,Islamabad,Islamabad,37.7,,4.5,4.6,28.77,27,1.72,Rainy,High,UPI,No,Completed,Rural,Rural,Auto,10,4,50,12,395.24,679.8128,14.63851852,,No,,No,Yes,Yes,Yes,0,679.8128,
,9/30/2016 22:34,Business,Islamabad,Unknown Location,16.7,,4.5,3.5,12.57,10,1.17,Rainy,Low,Cash,Yes,Cancelled by Passenger,Suburban,Suburban,SUV,8,3,50,12,200.84,234.9828,20.084,,No,,No,No,No,Yes,20.084,214.8988,
03-10-2016 17:09,10-03-2016 17:12,Business,Unknown Location,Islamabad,10.5,,4.3,4.7,25.35,36,1.4,Stormy,Medium,Wallet,Yes,Cancelled by Passenger,Urban,Rural,SUV,10,2,50,12,354.2,495.88,9.838888889,17,Yes,Monday,No,Yes,No,No,35.42,460.46,
03-10-2016 18:17,10-03-2016 18:34,Business,Islamabad,Islamabad,2.8,,3.9,4,6.47,110,2.09,Clear,High,Cash,Yes,Cancelled by Passenger,Rural,Rural,Sedan,7,4,50,12,127.64,266.7676,1.160363636,18,Yes,Monday,No,No,Yes,No,12.764,254.0036,
03-10-2016 18:51,10-03-2016 19:01,Business,Islamabad,Islamabad,1.6,,4,3.2,20.5,22,1.41,Rainy,High,UPI,Yes,Cancelled by Driver,Urban,Suburban,Mini,10,4,50,12,296,417.36,13.45454545,18,Yes,Monday,No,Yes,Yes,No,29.6,387.76,
03-10-2016 22:04,10-03-2016 22:33,Business,Islamabad,Unknown Location,12.7,,3.8,3.1,29.33,19,2.09,Clear,High,UPI,Yes,Cancelled by Driver,Urban,Urban,Auto,6,3,50,12,401.96,840.0964,21.15578947,22,No,Monday,No,Yes,Yes,No,40.196,799.9004,
04-10-2016 09:50,10-04-2016 10:52,Business,Unknown Location,Unknown Location,28.6,,4.9,3.7,3.95,44,1.46,Foggy,High,UPI,No,Cancelled by Passenger,Rural,Suburban,SUV,7,2,50,12,97.4,142.204,2.213636364,9,Yes,Tuesday,No,No,Yes,Yes,0,142.204,
04-10-2016 12:17,10-04-2016 12:18,Business,Unknown Location,Unknown Location,15.1,,4.4,4.6,1.24,100,2.7,Rainy,Low,Cash,Yes,Cancelled by Passenger,Suburban,Suburban,Sedan,12,4,50,12,64.88,175.176,0.6488,12,No,Tuesday,No,No,No,No,6.488,168.688,
06-10-2016 08:49,10-06-2016 11:36,Business,Unknown Location,R?walpindi,17.9,,4.1,4.4,13.57,77,1.79,Clear,Medium,UPI,Yes,Completed,Rural,Rural,Mini,1,0,50,12,212.84,380.9836,2.764155844,8,Yes,Thursday,No,No,No,No,21.284,359.6996,
06-10-2016 17:23,10-06-2016 17:40,Business,R?walpindi,Unknown Location,112.6,,4.2,4.6,3.69,105,1.49,Rainy,Low,Wallet,No,Completed,Rural,Urban,Mini,14,3,50,12,94.28,140.4772,0.897904762,17,Yes,Thursday,No,No,No,No,0,140.4772,
06-10-2016 18:37,10-06-2016 18:39,Business,Unknown Location,Unknown Location,18.4,,4.9,4,22.7,78,2.62,Rainy,Low,Card,No,Cancelled by Driver,Suburban,Rural,SUV,14,3,50,12,322.4,844.688,4.133333333,18,Yes,Thursday,No,Yes,No,Yes,0,844.688,
06-10-2016 19:46,10-06-2016 20:26,Business,Unknown Location,Unknown Location,13.8,,3.7,3.9,27.52,88,1.69,Clear,High,Wallet,No,Cancelled by Driver,Rural,Suburban,SUV,5,4,50,12,380.24,642.6056,4.320909091,19,Yes,Thursday,No,Yes,Yes,No,0,642.6056,
07-10-2016 10:56,10-07-2016 10:59,Business,Unknown Location,Lahore,33.2,,4.4,3.3,13.59,10,1.22,Rainy,Medium,Cash,Yes,Completed,Rural,Urban,Auto,7,2,50,12,213.08,259.9576,21.308,10,Yes,Friday,No,No,No,No,21.308,238.6496,
07-10-2016 11:27,10-07-2016 11:50,Business,Lahore,Lahore,2.6,,4.3,3.7,8.5,116,2.14,Rainy,High,UPI,Yes,Cancelled by Passenger,Rural,Urban,Mini,1,4,50,12,152,325.28,1.310344828,11,No,Friday,No,No,Yes,No,15.2,310.08,
07-10-2016 13:52,10-07-2016 14:08,Business,Lahore,Unknown Location,5.8,,4.4,3.9,13.6,67,2.16,Rainy,Low,Cash,Yes,Completed,Urban,Urban,Auto,2,1,50,12,213.2,460.512,3.182089552,13,No,Friday,No,No,No,No,21.32,439.192,
07-10-2016 14:29,10-07-2016 15:11,Business,Unknown Location,Lahore,8.3,,3.5,3.2,21.98,71,2.43,Rainy,Low,Card,Yes,Cancelled by Driver,Urban,Urban,Mini,9,4,50,12,313.76,762.4368,4.41915493,14,No,Friday,No,Yes,No,No,31.376,731.0608,
07-10-2016 15:47,10-07-2016 16:02,Business,Lahore,Lahore,2.4,,4.8,3.4,1.26,110,1.48,Foggy,High,Cash,No,Cancelled by Driver,Urban,Urban,Mini,12,1,50,12,65.12,96.3776,0.592,15,No,Friday,No,No,Yes,Yes,0,96.3776,
07-10-2016 18:08,10-07-2016 18:27,Business,Lahore,Lahore,3.1,,4.9,4.2,18.09,15,1.89,Rainy,Low,UPI,No,Completed,Rural,Suburban,Sedan,3,0,50,12,267.08,504.7812,17.80533333,18,Yes,Friday,No,Yes,No,Yes,0,504.7812,
07-10-2016 18:33,10-07-2016 19:01,Business,Lahore,Lahore,6.1,,4.3,4.5,18.79,47,1.56,Stormy,Low,Card,Yes,Completed,Suburban,Suburban,SUV,6,3,50,12,275.48,429.7488,5.861276596,18,Yes,Friday,No,Yes,No,No,27.548,402.2008,
08-10-2016 15:03,10-08-2016 15:03,Business,Karachi,Karachi,3.6,,4.5,5,19.49,21,1.16,Rainy,High,Card,Yes,Completed,Urban,Suburban,Mini,7,3,50,12,283.88,329.3008,13.51809524,15,No,Saturday,Yes,Yes,Yes,Yes,28.388,300.9128,
08-10-2016 18:15,10-08-2016 18:18,Business,Karachi,Unknown Location,8,,4.9,4.9,8.02,100,2.75,Clear,Low,UPI,Yes,Cancelled by Driver,Suburban,Rural,Auto,9,2,50,12,146.24,402.16,1.4624,18,Yes,Saturday,Yes,No,No,Yes,14.624,387.536,
09-10-2016 14:04,10-09-2016 14:23,Business,Unknown Location,Unknown Location,7.7,Temporary Site,4.6,4.3,21.71,8,2.46,Stormy,Medium,UPI,Yes,Cancelled by Passenger,Rural,Urban,SUV,5,4,50,12,310.52,763.8792,38.815,14,No,Sunday,Yes,Yes,No,Yes,31.052,732.8272,
10-10-2016 17:22,10-10-2016 17:28,Business,Islamabad,Islamabad,1.7,,3.7,3.8,3.65,67,1.6,Foggy,High,UPI,No,Completed,Urban,Urban,Auto,4,0,50,12,93.8,150.08,1.4,17,Yes,Monday,No,No,Yes,No,0,150.08,
10-10-2016 17:33,10-10-2016 18:13,Business,Islamabad,Unknown Location,9.5,,4.4,4.3,6.78,72,2.2,Stormy,Medium,Cash,No,Cancelled by Driver,Rural,Suburban,SUV,11,1,50,12,131.36,288.992,1.824444444,17,Yes,Monday,No,No,No,No,0,288.992,
11-10-2016 01:27,10-11-2016 02:08,Business,Unknown Location,R?walpindi,17.1,Meeting,4.4,4.6,26.45,85,1.4,Stormy,Low,Wallet,Yes,Cancelled by Driver,Suburban,Urban,SUV,12,2,50,12,367.4,514.36,4.322352941,1,No,Tuesday,No,Yes,No,No,36.74,477.62,
12-10-2016 19:18,10-12-2016 19:21,Business,R?walpindi,Unknown Location,18.4,,4.1,3.2,22.42,45,2.78,Stormy,Low,Cash,No,Cancelled by Driver,Urban,Rural,Mini,2,0,50,12,319.04,886.9312,7.089777778,19,Yes,Wednesday,No,Yes,No,No,0,886.9312,
,10/13/2016 11:58,Business,Unknown Location,Islamabad,9.8,,4.6,3.8,1.4,87,1.23,Clear,High,Cash,Yes,Completed,Urban,Urban,Sedan,3,0,50,12,66.8,82.164,0.767816092,,No,,No,No,Yes,Yes,6.68,75.484,
,10/13/2016 12:14,Business,Islamabad,Islamabad,1,,4.9,4.7,8.2,9,1.01,Clear,Low,Wallet,Yes,Completed,Urban,Urban,Mini,5,1,50,12,148.4,149.884,16.48888889,,No,,No,No,No,Yes,14.84,135.044,
,10/13/2016 13:02,Business,Islamabad,Islamabad,0.7,,4.9,3.8,7.22,36,2,Clear,High,UPI,No,Cancelled by Passenger,Urban,Rural,SUV,11,1,50,12,136.64,273.28,3.795555556,,No,,No,No,Yes,Yes,0,273.28,
,10/13/2016 13:46,Business,Islamabad,Islamabad,2.3,,4.2,4.1,8.85,90,2.17,Foggy,High,UPI,Yes,Cancelled by Driver,Suburban,Suburban,Mini,13,3,50,12,156.2,338.954,1.735555556,,No,,No,No,Yes,No,15.62,323.334,
,10/13/2016 16:53,Business,Islamabad,Unknown Location,10.9,,3.7,4.2,8.18,74,2.16,Clear,High,Wallet,No,Completed,Urban,Suburban,Mini,2,4,50,12,148.16,320.0256,2.002162162,,No,,No,No,Yes,No,0,320.0256,
,10/14/2016 9:44,Business,Unknown Location,R?walpindi,12.7,,5,3.4,2.81,39,1.11,Clear,High,Wallet,Yes,Cancelled by Driver,Rural,Urban,SUV,13,2,50,12,83.72,92.9292,2.146666667,,No,,No,No,Yes,Yes,8.372,84.5572,
,10/14/2016 10:52,Business,R?walpindi,Unknown Location,12.4,,4.8,3.7,14.31,26,1.63,Stormy,High,Cash,No,Cancelled by Driver,Urban,Rural,SUV,4,4,50,12,221.72,361.4036,8.527692308,,No,,No,No,Yes,Yes,0,361.4036,
,10/14/2016 16:20,Business,Unknown Location,Unknown Location,3.8,,3.7,3.7,22.25,69,2,Clear,Medium,Card,Yes,Cancelled by Passenger,Suburban,Suburban,Mini,1,2,50,12,317,634,4.594202899,,No,,No,Yes,No,No,31.7,602.3,
,10/15/2016 2:06,Business,Unknown Location,R?walpindi,17,Meeting,4.9,3.1,18.6,88,1.43,Rainy,High,Wallet,No,Completed,Urban,Suburban,Mini,4,0,50,12,273.2,390.676,3.104545455,,No,,No,Yes,Yes,Yes,0,390.676,
,10/15/2016 22:48,Business,Morrisville,Morrisville,6.2,,4.8,3,20.51,26,2.75,Clear,Medium,Cash,Yes,Completed,Suburban,Suburban,Mini,7,1,50,12,296.12,814.33,11.38923077,,No,,No,Yes,No,Yes,29.612,784.718,
,10/16/2016 0:14,Business,Morrisville,Cary,3.1,,4.3,4.7,3.35,116,1.17,Foggy,Low,Card,Yes,Cancelled by Driver,Suburban,Urban,Auto,14,1,50,12,90.2,105.534,0.777586207,,No,,No,No,No,No,9.02,96.514,
,10/16/2016 13:11,Business,Cary,Durham,10.5,Meeting,4.4,3.5,28.59,15,1.97,Foggy,High,UPI,No,Cancelled by Driver,Rural,Rural,Mini,12,0,50,12,393.08,774.3676,26.20533333,,No,,No,Yes,Yes,No,0,774.3676,
,10/16/2016 15:01,Business,Durham,Morrisville,8.1,,4.1,4,25.32,81,2.38,Rainy,Low,UPI,Yes,Cancelled by Passenger,Urban,Urban,Auto,3,0,50,12,353.84,842.1392,4.368395062,,No,,No,Yes,No,No,35.384,806.7552,
,10/16/2016 15:19,Business,Morrisville,Cary,3.1,,3.6,3.6,24.35,110,1.52,Foggy,High,Cash,No,Cancelled by Passenger,Urban,Suburban,Sedan,10,2,50,12,342.2,520.144,3.110909091,,No,,No,Yes,Yes,No,0,520.144,
,10/16/2016 19:33,Business,Whitebridge,Parkway,2.1,Meeting,4,4.9,24.87,7,2.25,Foggy,Medium,Cash,No,Cancelled by Passenger,Urban,Rural,Auto,8,0,50,12,348.44,783.99,49.77714286,,No,,No,Yes,No,No,0,783.99,
,10/16/2016 20:39,Business,Cary,Morrisville,4.3,,4.7,3.5,28.05,13,2.66,Stormy,Medium,Wallet,Yes,Cancelled by Passenger,Rural,Urban,Mini,6,2,50,12,386.6,1028.356,29.73846154,,No,,No,Yes,No,Yes,38.66,989.696,
,10/16/2016 21:41,Business,Morrisville,Cary,2.5,Meal/Entertain,3.5,3.9,16.78,64,1.38,Rainy,Medium,UPI,Yes,Cancelled by Passenger,Rural,Suburban,Sedan,6,4,50,12,251.36,346.8768,3.9275,,No,,No,Yes,No,No,25.136,321.7408,
,10/17/2016 15:57,Business,Cary,Raleigh,20.6,,4,4.7,6.81,80,2.83,Stormy,Low,Cash,Yes,Cancelled by Passenger,Suburban,Suburban,Auto,14,1,50,12,131.72,372.7676,1.6465,,No,,No,No,No,No,13.172,359.5956,
,10/17/2016 17:11,Business,Raleigh,Cary,17.6,,4.1,4.7,18.89,91,2.11,Stormy,High,UPI,Yes,Cancelled by Driver,Suburban,Urban,Auto,1,1,50,12,276.68,583.7948,3.04043956,,No,,No,Yes,Yes,No,27.668,556.1268,
,10/17/2016 18:16,Business,Cary,Apex,5.6,,4.3,3.4,22.54,18,1.6,Clear,Low,UPI,No,Cancelled by Passenger,Suburban,Suburban,SUV,5,1,50,12,320.48,512.768,17.80444444,,No,,No,Yes,No,No,0,512.768,
,10/17/2016 18:45,Business,Apex,Apex,3.3,,4.9,4.6,22.4,101,1.86,Rainy,Medium,Wallet,Yes,Cancelled by Driver,Rural,Suburban,Sedan,3,4,50,12,318.8,592.968,3.156435644,,No,,No,Yes,No,Yes,31.88,561.088,
,10/17/2016 19:25,Business,Apex,Cary,5.3,,4,3.9,16.12,22,1.62,Clear,Low,Card,Yes,Cancelled by Driver,Rural,Rural,SUV,10,4,50,12,243.44,394.3728,11.06545455,,No,,No,Yes,No,No,24.344,370.0288,
,10/18/2016 8:22,Business,Whitebridge,Edgehill Farms,3.3,,4,4,2.99,117,2.45,Clear,Medium,Wallet,Yes,Completed,Rural,Suburban,Sedan,1,3,50,12,85.88,210.406,0.734017094,,No,,No,No,No,No,8.588,201.818,
,10/18/2016 9:02,Business,Edgehill Farms,Whitebridge,3.3,,4.6,3.3,11.76,109,2.59,Stormy,Medium,Cash,No,Cancelled by Driver,Suburban,Urban,Auto,8,2,50,12,191.12,495.0008,1.753394495,,No,,No,No,No,Yes,0,495.0008,
,10/18/2016 11:09,Business,Cary,Morrisville,7.9,Temporary Site,4.2,3.2,27.7,77,2.67,Foggy,Medium,Wallet,Yes,Cancelled by Driver,Rural,Rural,SUV,7,2,50,12,382.4,1021.008,4.966233766,,No,,No,Yes,No,No,38.24,982.768,
,10/18/2016 18:33,Business,Oakland,Emeryville,13,,3.8,4.5,17.95,27,2.97,Rainy,High,Wallet,No,Cancelled by Passenger,Suburban,Urban,Mini,7,3,50,12,265.4,788.238,9.82962963,,No,,No,Yes,Yes,No,0,788.238,
,10/18/2016 19:13,Business,Emeryville,Berkeley,3,,4.2,4,16.61,78,2.58,Foggy,High,UPI,Yes,Cancelled by Driver,Suburban,Suburban,Auto,12,1,50,12,249.32,643.2456,3.196410256,,No,,No,Yes,Yes,No,24.932,618.3136,
,10/18/2016 20:37,Business,Berkeley,Emeryville,3,,3.7,3.9,8.8,87,2.2,Stormy,Medium,Wallet,No,Cancelled by Passenger,Urban,Rural,Sedan,10,2,50,12,155.6,342.32,1.788505747,,No,,No,No,No,No,0,342.32,
,10/19/2016 9:47,Business,Emeryville,Oakland,3.8,,3.8,4.5,11.69,51,1.68,Stormy,Low,Cash,Yes,Cancelled by Passenger,Urban,Rural,Sedan,14,2,50,12,190.28,319.6704,3.730980392,,No,,No,No,No,No,19.028,300.6424,
,10/19/2016 10:21,Business,Oakland,San Francisco,9.5,,4.2,4.5,26.97,73,2.09,Stormy,Low,Card,Yes,Cancelled by Passenger,Urban,Rural,SUV,10,1,50,12,373.64,780.9076,5.118356164,,No,,No,Yes,No,No,37.364,743.5436,
,10/19/2016 13:56,Business,SOMISSPO,French Quarter,1.7,,4.1,3.3,20.33,51,1.08,Stormy,High,Wallet,No,Completed,Suburban,Rural,SUV,10,0,50,12,293.96,317.4768,5.763921569,,No,,No,Yes,Yes,No,0,317.4768,
,10/19/2016 14:31,Business,San Francisco,Berkeley,10.8,,4.9,4.2,23.83,91,2.49,Stormy,Medium,Wallet,Yes,Cancelled by Passenger,Urban,Urban,Sedan,4,0,50,12,335.96,836.5404,3.691868132,,No,,No,Yes,No,Yes,33.596,802.9444,
,10/19/2016 16:02,Business,West Berkeley,North Berkeley Hills,4.1,,4,3.3,14.18,34,1.89,Stormy,Low,Card,Yes,Cancelled by Driver,Urban,Suburban,Auto,13,3,50,12,220.16,416.1024,6.475294118,,No,,No,No,No,No,22.016,394.0864,
,10/19/2016 16:19,Business,North Berkeley Hills,Southside,2.2,,4.4,4.5,19.28,29,1.04,Foggy,Medium,Cash,Yes,Cancelled by Passenger,Urban,Suburban,SUV,11,4,50,12,281.36,292.6144,9.702068966,,No,,No,Yes,No,No,28.136,264.4784,
,10/19/2016 17:01,Business,Berkeley,Emeryville,4.6,,4.4,4.3,8.2,32,1.13,Clear,Low,Cash,No,Cancelled by Passenger,Rural,Rural,Mini,6,2,50,12,148.4,167.692,4.6375,,No,,No,No,No,No,0,167.692,
,10/20/2016 11:34,Business,Emeryville,Berkeley,3.1,,3.5,4.9,21.46,102,1.77,Foggy,High,Wallet,Yes,Cancelled by Passenger,Suburban,Suburban,Sedan,13,2,50,12,307.52,544.3104,3.014901961,,No,,No,Yes,Yes,No,30.752,513.5584,
,10/20/2016 13:17,Business,Berkeley,San Jose,47.7,,4.5,3.1,13.4,113,2.17,Rainy,Medium,UPI,No,Completed,Urban,Urban,Mini,9,3,50,12,210.8,457.436,1.865486726,,No,,No,No,No,Yes,0,457.436,
,10/20/2016 21:37,Business,San Jose,Emeryville,44.6,,3.8,3.1,13.83,116,1.93,Foggy,Medium,Wallet,No,Cancelled by Driver,Rural,Suburban,Sedan,14,3,50,12,215.96,416.8028,1.861724138,,No,,No,No,No,No,0,416.8028,
,10/21/2016 10:21,Business,Emeryville,Oakland,13.2,,4.9,3.6,19.83,115,2.24,Stormy,Low,Card,No,Completed,Rural,Urban,Mini,3,2,50,12,287.96,645.0304,2.504,,No,,No,Yes,No,Yes,0,645.0304,
,10/22/2016 1:09,Business,Morrisville,Cary,8.7,,3.7,3.5,28.15,29,1.96,Foggy,Low,Card,Yes,Cancelled by Driver,Rural,Urban,Auto,9,1,50,12,387.8,760.088,13.37241379,,No,,No,Yes,No,No,38.78,721.308,
,10/22/2016 14:03,Business,Cary,Raleigh,17.2,,4.1,3.5,2.86,78,2.32,Clear,Low,Card,No,Completed,Urban,Suburban,Sedan,4,1,50,12,84.32,195.6224,1.081025641,,No,,No,No,No,No,0,195.6224,
,10/22/2016 17:55,Business,Raleigh,Cary,14,,3.6,4.8,24.92,82,1.44,Rainy,Medium,Wallet,No,Cancelled by Driver,Rural,Urban,Auto,5,4,50,12,349.04,502.6176,4.256585366,,No,,No,Yes,No,No,0,502.6176,
,10/23/2016 10:05,Business,Cary,Raleigh,28.1,,5,3.5,9.48,110,1.23,Foggy,High,Wallet,Yes,Completed,Suburban,Urban,SUV,7,2,50,12,163.76,201.4248,1.488727273,,No,,No,No,Yes,Yes,16.376,185.0488,
,10/23/2016 12:59,Business,Raleigh,Cary,28.2,,4.3,3.5,13.87,114,2.19,Clear,High,Cash,No,Cancelled by Passenger,Rural,Urban,Sedan,6,2,50,12,216.44,474.0036,1.898596491,,No,,No,No,Yes,No,0,474.0036,
,10/23/2016 19:14,Business,Cary,Morrisville,3.1,Meal/Entertain,4.4,4.5,1.64,62,1.97,Foggy,Low,UPI,No,Completed,Rural,Urban,Auto,10,2,50,12,69.68,137.2696,1.123870968,,No,,No,No,No,No,0,137.2696,
,10/23/2016 21:25,Business,Morrisville,Cary,3.1,Customer Visit,3.6,3.9,9.73,98,1.05,Rainy,High,Wallet,Yes,Completed,Rural,Rural,Mini,8,2,50,12,166.76,175.098,1.701632653,,No,,No,No,Yes,No,16.676,158.422,
,10/24/2016 15:26,Business,Cary,Durham,16.4,,4.6,4.6,15.58,45,1.76,Foggy,Low,Cash,Yes,Cancelled by Passenger,Rural,Suburban,Auto,8,3,50,12,236.96,417.0496,5.265777778,,No,,No,Yes,No,Yes,23.696,393.3536,
,10/24/2016 16:13,Business,Durham,Morrisville,15.4,,3.8,3.1,2.63,29,1.21,Stormy,High,Wallet,No,Cancelled by Passenger,Suburban,Rural,Sedan,8,0,50,12,81.56,98.6876,2.812413793,,No,,No,No,Yes,No,0,98.6876,
,10/24/2016 16:41,Business,Morrisville,Cary,2.2,,4.8,4,15.24,82,2.06,Foggy,Medium,Cash,Yes,Cancelled by Driver,Urban,Urban,Auto,3,2,50,12,232.88,479.7328,2.84,,No,,No,Yes,No,Yes,23.288,456.4448,
,10/25/2016 14:08,Business,Cary,Apex,11.2,,3.8,3.1,27.89,103,1.79,Clear,Low,Cash,Yes,Cancelled by Driver,Suburban,Suburban,Mini,14,0,50,12,384.68,688.5772,3.734757282,,No,,No,Yes,No,No,38.468,650.1092,
,10/25/2016 15:11,Business,Apex,Eagle Rock,2.2,,3.8,3.1,4.06,52,2.23,Foggy,High,UPI,Yes,Cancelled by Driver,Suburban,Urban,Mini,10,1,50,12,98.72,220.1456,1.898461538,,No,,No,No,Yes,No,9.872,210.2736,
,10/25/2016 15:33,Business,Eagle Rock,Cary,3.6,,3.6,4.8,23.17,102,2.61,Clear,Medium,Wallet,No,Completed,Urban,Suburban,Mini,6,4,50,12,328.04,856.1844,3.216078431,,No,,No,Yes,No,No,0,856.1844,
,10/25/2016 20:11,Business,Whitebridge,Savon Height,3.6,Meal/Entertain,4.2,3.3,12.88,14,1.6,Rainy,High,Cash,No,Cancelled by Driver,Rural,Rural,SUV,7,1,50,12,204.56,327.296,14.61142857,,No,,No,No,Yes,No,0,327.296,
,10/25/2016 21:03,Business,Savon Height,Parkway,4.9,,4.3,4.1,20,103,2.92,Foggy,Medium,Card,Yes,Completed,Urban,Suburban,Sedan,9,2,50,12,290,846.8,2.815533981,,No,,No,Yes,No,No,29,817.8,
,10/25/2016 22:45,Business,Parkway,Whitebridge,8.7,Errand/Supplies,3.6,3.8,8.55,79,2.07,Rainy,Medium,Card,No,Completed,Urban,Urban,Mini,10,1,50,12,152.6,315.882,1.93164557,,No,,No,No,No,No,0,315.882,
,10/26/2016 19:31,Business,Whitebridge,Parkway,2.1,Meeting,4.7,3.7,5.63,15,2.24,Rainy,High,Card,Yes,Cancelled by Driver,Suburban,Suburban,SUV,10,3,50,12,117.56,263.3344,7.837333333,,No,,No,No,Yes,Yes,11.756,251.5784,
,10/26/2016 21:03,Business,Parkway,Whitebridge,2.1,,4.2,4.8,5.65,89,2.36,Foggy,High,UPI,Yes,Cancelled by Driver,Urban,Suburban,Mini,14,0,50,12,117.8,278.008,1.323595506,,No,,No,No,Yes,No,11.78,266.228,
,10/27/2016 19:16,Business,Cary,Morrisville,8.4,Meeting,4.3,3,3.04,25,2.33,Clear,Medium,Cash,Yes,Completed,Rural,Rural,Auto,12,2,50,12,86.48,201.4984,3.4592,,No,,No,No,No,No,8.648,192.8504,
,10/27/2016 19:35,Business,Morrisville,Morrisville,5.9,,4.2,4.3,6.38,90,2.02,Rainy,Medium,UPI,Yes,Cancelled by Passenger,Suburban,Urban,Sedan,4,3,50,12,126.56,255.6512,1.406222222,,No,,No,No,No,No,12.656,242.9952,
,10/27/2016 20:21,Business,Huntington Woods,Huntington Woods,12.1,,4.1,4.9,20.26,49,1.86,Rainy,Medium,Wallet,Yes,Cancelled by Passenger,Rural,Suburban,Auto,5,0,50,12,293.12,545.2032,5.982040816,,No,,No,Yes,No,No,29.312,515.8912,
,10/27/2016 20:54,Business,Huntington Woods,Weston,3.9,,4.3,4.1,26.57,11,1.11,Foggy,Low,Wallet,No,Completed,Suburban,Rural,SUV,8,3,50,12,368.84,409.4124,33.53090909,,No,,No,Yes,No,No,0,409.4124,
,10/27/2016 21:48,Business,Morrisville,Cary,6.2,,3.7,4.9,24.61,85,1.04,Foggy,Medium,Cash,No,Cancelled by Driver,Rural,Suburban,Auto,1,1,50,12,345.32,359.1328,4.062588235,,No,,No,Yes,No,No,0,359.1328,
,10/28/2016 11:52,Business,Cary,Durham,10.4,Meeting,3.8,3.1,20.87,68,1.72,Foggy,Low,Card,No,Completed,Urban,Urban,Auto,12,2,50,12,300.44,516.7568,4.418235294,,No,,No,Yes,No,No,0,516.7568,
,10/28/2016 13:36,Business,Durham,Cary,9.9,Meeting,4.8,3.8,4.2,68,1.67,Foggy,Medium,Cash,No,Completed,Urban,Suburban,Mini,6,1,50,12,100.4,167.668,1.476470588,,No,,No,No,No,Yes,0,167.668,
,10/28/2016 17:59,Business,Cary,Winston Salem,107,Meeting,4.9,3.5,9.39,6,1.78,Foggy,Low,Cash,Yes,Cancelled by Driver,Urban,Suburban,Auto,4,4,50,12,162.68,289.5704,27.11333333,,No,,No,No,No,Yes,16.268,273.3024,
,10/28/2016 20:07,Business,Winston Salem,Asheville,133.6,Meeting,4.1,4.5,9.98,80,1.28,Stormy,Medium,Cash,Yes,Cancelled by Passenger,Rural,Suburban,Mini,5,2,50,12,169.76,217.2928,2.122,,No,,No,No,No,No,16.976,200.3168,
,10/28/2016 22:00,Business,Asheville,Topton,91.8,Meeting,3.9,5,8.25,46,2.48,Foggy,Medium,UPI,No,Completed,Suburban,Suburban,Mini,11,1,50,12,149,369.52,3.239130435,,No,,No,No,No,No,0,369.52,
,10/29/2016 17:05,Business,Topton,Hayesville,40.7,Meeting,4.5,3.5,15.94,86,2.71,Clear,Medium,Wallet,No,Cancelled by Passenger,Suburban,Urban,Sedan,5,2,50,12,241.28,653.8688,2.805581395,,No,,No,Yes,No,Yes,0,653.8688,
,10/29/2016 19:19,Business,Hayesville,Topton,75.7,,4.1,4.3,16.53,58,2.88,Rainy,High,Cash,Yes,Cancelled by Passenger,Suburban,Rural,SUV,2,0,50,12,248.36,715.2768,4.282068966,,No,,No,Yes,Yes,No,24.836,690.4408,
,10/30/2016 8:30,Business,Topton,Bryson City,29.8,,3.5,3.4,11.35,79,1.98,Clear,High,Cash,Yes,Cancelled by Driver,Urban,Rural,SUV,8,2,50,12,186.2,368.676,2.356962025,,No,,No,No,Yes,No,18.62,350.056,
,10/30/2016 10:09,Business,Bryson City,Bryson City,16.3,,3.7,4.1,11.26,20,2.4,Clear,Medium,Cash,Yes,Completed,Rural,Suburban,SUV,2,2,50,12,185.12,444.288,9.256,,No,,No,No,No,No,18.512,425.776,
,10/30/2016 10:38,Business,Bryson City,Bryson City,6.5,,4.6,3.9,25.03,117,2.71,Stormy,Low,UPI,No,Completed,Suburban,Urban,Mini,4,0,50,12,350.36,949.4756,2.994529915,,No,,No,Yes,No,Yes,0,949.4756,
,10/30/2016 11:21,Business,Bryson City,Bryson City,6.3,,4.5,4.9,23.89,119,1.84,Foggy,Low,UPI,Yes,Cancelled by Passenger,Rural,Urban,SUV,12,1,50,12,336.68,619.4912,2.829243697,,No,,No,Yes,No,Yes,33.668,585.8232,
,10/30/2016 12:35,Business,Bryson City,Almond,6.6,,3.5,4.2,9.93,22,1.62,Rainy,Medium,UPI,Yes,Cancelled by Passenger,Suburban,Urban,Mini,13,2,50,12,169.16,274.0392,7.689090909,,No,,No,No,No,No,16.916,257.1232,
,10/30/2016 13:18,Business,Almond,Bryson City,15.2,,3.8,3.7,27.5,103,2.87,Clear,High,Cash,No,Cancelled by Driver,Urban,Urban,Sedan,5,3,50,12,380,1090.6,3.689320388,,No,,No,Yes,Yes,No,0,1090.6,
,10/30/2016 14:37,Business,Bryson City,Asheville,68.4,,3.8,3.2,28.63,63,2.03,Foggy,Low,Card,No,Cancelled by Passenger,Rural,Urban,SUV,14,2,50,12,393.56,798.9268,6.246984127,,No,,No,Yes,No,No,0,798.9268,
,10/30/2016 18:23,Business,Asheville,Mebane,195.9,,4.5,3.3,10.48,94,1.99,Foggy,High,Card,No,Cancelled by Driver,Suburban,Urban,Mini,1,1,50,12,175.76,349.7624,1.869787234,,No,,No,No,Yes,Yes,0,349.7624,
,10/30/2016 19:39,Business,Mebane,Cary,45.2,,3.5,3.5,11.28,20,1.36,Stormy,Low,Card,Yes,Completed,Suburban,Suburban,SUV,6,0,50,12,185.36,252.0896,9.268,,No,,No,No,No,No,18.536,233.5536,
,10/31/2016 18:20,Business,Cary,Morrisville,3.2,,3.7,3.5,15.66,10,1.22,Stormy,Medium,Wallet,Yes,Cancelled by Driver,Suburban,Rural,SUV,2,1,50,12,237.92,290.2624,23.792,,No,,No,Yes,No,No,23.792,266.4704,
,10/31/2016 19:16,Business,Morrisville,Raleigh,10.3,,4.7,4.7,28.29,61,2.68,Stormy,High,Cash,No,Cancelled by Passenger,Suburban,Rural,Sedan,14,4,50,12,389.48,1043.8064,6.384918033,,No,,No,Yes,Yes,Yes,0,1043.8064,
,10/31/2016 20:44,Business,Raleigh,Cary,13.1,,3.8,4.1,26.41,112,2.23,Rainy,Low,Card,Yes,Completed,Urban,Suburban,Auto,5,2,50,12,366.92,818.2316,3.276071429,,No,,No,Yes,No,No,36.692,781.5396,
,10/31/2016 22:10,Business,Savon Height,Whitebridge,9.6,Errand/Supplies,4.5,4,3.97,111,1.65,Clear,Medium,Card,Yes,Cancelled by Driver,Suburban,Rural,SUV,6,2,50,12,97.64,161.106,0.87963964,,No,,No,No,No,Yes,9.764,151.342,
01-11-2016 11:50,11-01-2016 12:27,Business,Cary,Durham,16.5,,3.9,3.2,12.39,51,1.38,Stormy,Medium,Card,Yes,Completed,Suburban,Urban,Sedan,11,0,50,12,198.68,274.1784,3.895686275,11,No,Tuesday,No,No,No,No,19.868,254.3104,
01-11-2016 16:29,11-01-2016 17:02,Business,Durham,Cary,12.8,,3.6,4.7,17.05,115,2.11,Stormy,Medium,Cash,No,Cancelled by Driver,Urban,Urban,SUV,8,2,50,12,254.6,537.206,2.213913043,16,No,Tuesday,No,Yes,No,No,0,537.206,
01-11-2016 17:35,11-01-2016 17:42,Business,Whitebridge,Whitebridge,1.2,,3.9,4.4,15.59,52,2.17,Stormy,High,Card,No,Cancelled by Passenger,Suburban,Rural,SUV,9,3,50,12,237.08,514.4636,4.559230769,17,Yes,Tuesday,No,Yes,Yes,No,0,514.4636,
01-11-2016 19:14,11-01-2016 19:20,Business,Whitebridge,Whitebridge,1,,4.6,3.1,6.62,46,1.41,Clear,High,Card,Yes,Cancelled by Passenger,Rural,Urban,SUV,13,3,50,12,129.44,182.5104,2.813913043,19,Yes,Tuesday,No,No,Yes,Yes,12.944,169.5664,
01-11-2016 19:59,11-01-2016 20:12,Business,Whitebridge,Whitebridge,4.1,,4.8,4.4,25.91,80,2.7,Clear,Medium,Cash,Yes,Completed,Rural,Urban,SUV,12,1,50,12,360.92,974.484,4.5115,19,Yes,Tuesday,No,Yes,No,Yes,36.092,938.392,
01-11-2016 20:41,11-01-2016 20:55,Business,Whitebridge,Whitebridge,4.2,Meal/Entertain,4.7,4.1,20.63,64,1.17,Stormy,High,Wallet,Yes,Completed,Suburban,Rural,Auto,6,0,50,12,297.56,348.1452,4.649375,20,Yes,Tuesday,No,Yes,Yes,Yes,29.756,318.3892,
02-11-2016 15:10,11-02-2016 15:18,Business,Whitebridge,Westpark Place,1.4,,4.1,3.2,25.3,81,1.71,Stormy,Low,UPI,Yes,Completed,Urban,Suburban,Auto,5,4,50,12,353.6,604.656,4.365432099,15,No,Wednesday,No,Yes,No,No,35.36,569.296,
02-11-2016 15:45,11-02-2016 15:52,Business,Westpark Place,Whitebridge,1.8,,4.5,3.9,25.9,8,2.36,Foggy,Medium,Card,No,Cancelled by Driver,Urban,Rural,SUV,12,1,50,12,360.8,851.488,45.1,15,No,Wednesday,No,Yes,No,Yes,0,851.488,
02-11-2016 16:46,11-02-2016 17:11,Business,Cary,Morrisville,8.5,Meeting,3.8,4,22.7,107,1.55,Stormy,Medium,UPI,No,Cancelled by Passenger,Urban,Rural,SUV,4,0,50,12,322.4,499.72,3.013084112,16,No,Wednesday,No,Yes,No,No,0,499.72,
02-11-2016 17:34,11-02-2016 17:49,Business,Morrisville,Morrisville,5,,3.9,3.3,13.74,6,2.66,Rainy,High,Wallet,Yes,Completed,Suburban,Rural,Sedan,2,0,50,12,214.88,571.5808,35.81333333,17,Yes,Wednesday,No,No,Yes,No,21.488,550.0928,
02-11-2016 17:53,11-02-2016 18:00,Business,Morrisville,Cary,3.8,,4.8,4.9,18.71,94,2.48,Rainy,Medium,Wallet,Yes,Completed,Suburban,Rural,Sedan,2,1,50,12,274.52,680.8096,2.920425532,17,Yes,Wednesday,No,Yes,No,Yes,27.452,653.3576,
03-11-2016 11:28,11-03-2016 11:34,Business,Whitebridge,Hazelwood,2.5,,3.5,4.7,5.65,63,2.58,Stormy,Low,Card,No,Completed,Rural,Suburban,Mini,7,1,50,12,117.8,303.924,1.86984127,11,No,Thursday,No,No,No,No,0,303.924,
03-11-2016 12:43,11-03-2016 12:49,Business,Hazelwood,Whitebridge,2.4,,3.6,4.3,20.54,31,1.24,Clear,High,Cash,Yes,Cancelled by Driver,Urban,Suburban,Auto,5,2,50,12,296.48,367.6352,9.563870968,12,No,Thursday,No,Yes,Yes,No,29.648,337.9872,
03-11-2016 13:42,11-03-2016 13:47,Business,Whitebridge,Westpark Place,1.4,,3.8,3.9,6.2,31,1.28,Foggy,High,Wallet,No,Completed,Suburban,Urban,SUV,7,4,50,12,124.4,159.232,4.012903226,13,No,Thursday,No,No,Yes,No,0,159.232,
03-11-2016 14:13,11-03-2016 14:26,Business,Westpark Place,Whitebridge,1.8,,3.5,3.8,21.12,83,1.57,Clear,Medium,UPI,Yes,Completed,Suburban,Urban,Auto,13,3,50,12,303.44,476.4008,3.655903614,14,No,Thursday,No,Yes,No,No,30.344,446.0568,
03-11-2016 18:51,11-03-2016 19:08,Business,Cary,Morrisville,3.1,Meal/Entertain,3.8,4.3,7.66,76,2.04,Stormy,Medium,UPI,No,Cancelled by Driver,Suburban,Rural,Sedan,11,2,50,12,141.92,289.5168,1.867368421,18,Yes,Thursday,No,No,No,No,0,289.5168,
03-11-2016 22:46,11-03-2016 22:58,Business,Morrisville,Cary,3.1,Customer Visit,4.4,4.1,4.41,11,2.5,Rainy,Medium,UPI,Yes,Cancelled by Driver,Urban,Urban,Auto,1,0,50,12,102.92,257.3,9.356363636,22,No,Thursday,No,No,No,No,10.292,247.008,
04-11-2016 10:02,11-04-2016 10:18,Business,Cary,Morrisville,7.9,Temporary Site,4.1,3.1,5.79,67,2.67,Foggy,High,UPI,Yes,Completed,Urban,Suburban,Auto,1,4,50,12,119.48,319.0116,1.783283582,10,Yes,Friday,No,No,Yes,No,11.948,307.0636,
04-11-2016 18:14,11-04-2016 18:21,Business,San Jose,Santa Clara,3.8,,4.8,4,1.06,115,2.41,Clear,Medium,Wallet,No,Completed,Rural,Urban,SUV,5,4,50,12,62.72,151.1552,0.545391304,18,Yes,Friday,No,No,No,Yes,0,151.1552,
04-11-2016 21:04,11-04-2016 21:20,Business,Agnew,Cory,4.3,,4.7,4.6,21.84,50,2.86,Clear,Low,Card,No,Cancelled by Driver,Urban,Urban,SUV,2,1,50,12,312.08,892.5488,6.2416,21,No,Friday,No,Yes,No,Yes,0,892.5488,
04-11-2016 22:12,11-04-2016 22:25,Business,Cory,Agnew,3.9,,4,3.9,22.24,67,2.48,Stormy,Medium,Card,Yes,Cancelled by Passenger,Suburban,Urban,Sedan,8,4,50,12,316.88,785.8624,4.729552239,22,No,Friday,No,Yes,No,No,31.688,754.1744,
05-11-2016 08:34,11-05-2016 08:43,Business,Agnew,Renaissance,2.2,,3.9,3.1,15.93,108,1.61,Foggy,Medium,UPI,Yes,Cancelled by Driver,Rural,Rural,SUV,14,4,50,12,241.16,388.2676,2.232962963,8,Yes,Saturday,Yes,Yes,No,No,24.116,364.1516,
05-11-2016 17:29,11-05-2016 17:40,Business,Renaissance,Agnew,2.8,,4.1,4.6,5.68,16,1.53,Rainy,High,Card,No,Cancelled by Passenger,Urban,Urban,Sedan,3,0,50,12,118.16,180.7848,7.385,17,Yes,Saturday,Yes,No,Yes,No,0,180.7848,
05-11-2016 19:20,11-05-2016 19:28,Business,Agnew,Agnew,2.2,,4.4,3.4,3.42,17,2.39,Stormy,Medium,UPI,No,Completed,Urban,Suburban,Sedan,1,2,50,12,91.04,217.5856,5.355294118,19,Yes,Saturday,Yes,No,No,No,0,217.5856,
06-11-2016 10:50,11-06-2016 11:04,Business,Agnew,Renaissance,2.4,,3.9,3.5,1.55,47,1.39,Foggy,High,UPI,Yes,Completed,Urban,Suburban,Mini,13,4,50,12,68.6,95.354,1.459574468,10,Yes,Sunday,Yes,No,Yes,No,6.86,88.494,
06-11-2016 16:05,11-06-2016 16:22,Business,Renaissance,Agnew,2.8,Meeting,4.4,3.3,5.81,21,1.19,Clear,Medium,Cash,Yes,Cancelled by Passenger,Urban,Suburban,Mini,2,1,50,12,119.72,142.4668,5.700952381,16,No,Sunday,Yes,No,No,No,11.972,130.4948,
06-11-2016 16:27,11-06-2016 17:28,Business,Santa Clara,Berkeley,43.9,Customer Visit,4.1,3.7,26.83,67,2.06,Stormy,Low,Wallet,No,Cancelled by Driver,Suburban,Suburban,Mini,10,2,50,12,371.96,766.2376,5.551641791,16,No,Sunday,Yes,Yes,No,No,0,766.2376,
06-11-2016 19:04,11-06-2016 19:12,Business,Downtown,West Berkeley,1.8,,4.3,4.5,8,85,2.64,Clear,Low,Wallet,No,Completed,Urban,Urban,Auto,10,1,50,12,146,385.44,1.717647059,19,Yes,Sunday,Yes,No,No,No,0,385.44,
06-11-2016 20:06,11-06-2016 20:21,Business,West Berkeley,Central,3.3,,4.2,4,11.27,40,1.2,Clear,High,UPI,No,Cancelled by Passenger,Suburban,Rural,Mini,7,4,50,12,185.24,222.288,4.631,20,Yes,Sunday,Yes,No,Yes,No,0,222.288,
07-11-2016 12:28,11-07-2016 12:57,Business,Berkeley,San Francisco,11.8,Between Offices,3.9,3.4,4.06,89,2.58,Stormy,High,Wallet,No,Cancelled by Driver,Suburban,Suburban,SUV,6,2,50,12,98.72,254.6976,1.109213483,12,No,Monday,No,No,Yes,No,0,254.6976,
07-11-2016 19:17,11-07-2016 19:57,Business,San Francisco,Berkeley,13.2,Between Offices,4.9,4.8,7.45,12,2.62,Stormy,Medium,Card,No,Cancelled by Passenger,Suburban,Suburban,SUV,12,4,50,12,139.4,365.228,11.61666667,19,Yes,Monday,No,No,No,Yes,0,365.228,
08-11-2016 10:29,11-08-2016 10:57,Business,Berkeley,San Francisco,12.2,Between Offices,4.6,4.8,16.06,73,1.96,Stormy,Medium,UPI,Yes,Cancelled by Driver,Rural,Rural,Mini,8,0,50,12,242.72,475.7312,3.324931507,10,Yes,Tuesday,No,Yes,No,Yes,24.272,451.4592,
08-11-2016 12:16,11-08-2016 12:49,Business,San Francisco,Berkeley,11.3,Meeting,3.7,4.7,18.62,94,1.11,Stormy,Low,Cash,Yes,Cancelled by Driver,Suburban,Rural,Auto,7,2,50,12,273.44,303.5184,2.90893617,12,No,Tuesday,No,Yes,No,No,27.344,276.1744,
08-11-2016 13:41,11-08-2016 14:01,Business,Berkeley,Emeryville,3.6,,4.8,3.5,8.12,84,1.35,Stormy,Medium,Card,No,Cancelled by Driver,Urban,Suburban,Sedan,14,1,50,12,147.44,199.044,1.755238095,13,No,Tuesday,No,No,No,Yes,0,199.044,
08-11-2016 16:21,11-08-2016 16:34,Business,Emeryville,Berkeley,3,,4.2,3.9,2.67,40,2.41,Clear,Low,Cash,Yes,Cancelled by Driver,Rural,Suburban,Auto,10,0,50,12,82.04,197.7164,2.051,16,No,Tuesday,No,No,No,No,8.204,189.5124,
09-11-2016 13:08,11-09-2016 13:41,Business,Berkeley,San Francisco,11.4,,4.8,5,12.34,32,2.42,Rainy,High,Cash,Yes,Cancelled by Passenger,Urban,Rural,Auto,13,3,50,12,198.08,479.3536,6.19,13,No,Wednesday,No,No,Yes,Yes,19.808,459.5456,
09-11-2016 15:58,11-09-2016 16:04,Business,NOMA,Downtown,0.9,,4.7,4.5,7.79,97,2.8,Rainy,Medium,Wallet,No,Cancelled by Passenger,Suburban,Suburban,Sedan,8,1,50,12,143.48,401.744,1.479175258,15,No,Wednesday,No,No,No,Yes,0,401.744,
09-11-2016 17:31,11-09-2016 18:03,Business,Downtown,Sunnyside,6.2,,4.1,3.1,7.37,51,2.17,Stormy,High,Wallet,Yes,Cancelled by Passenger,Urban,Suburban,Sedan,3,4,50,12,138.44,300.4148,2.714509804,17,Yes,Wednesday,No,No,Yes,No,13.844,286.5708,
09-11-2016 18:09,11-09-2016 18:14,Business,Sunnyside,Ingleside,0.7,,3.5,3.1,28.84,80,1.25,Clear,Medium,UPI,Yes,Cancelled by Passenger,Rural,Urban,Sedan,6,1,50,12,396.08,495.1,4.951,18,Yes,Wednesday,No,Yes,No,No,39.608,455.492,
09-11-2016 18:21,11-09-2016 18:35,Business,Ingleside,Potrero Flats,5.5,Meeting,3.9,3.9,18.87,105,1.24,Rainy,Low,Wallet,Yes,Cancelled by Passenger,Rural,Rural,SUV,13,3,50,12,276.44,342.7856,2.632761905,18,Yes,Wednesday,No,Yes,No,No,27.644,315.1416,
09-11-2016 18:40,11-09-2016 19:17,Business,San Francisco,Oakland,12.7,Customer Visit,4.3,4.8,17.15,34,2.44,Rainy,High,Cash,No,Cancelled by Driver,Urban,Urban,Sedan,7,1,50,12,255.8,624.152,7.523529412,18,Yes,Wednesday,No,Yes,Yes,No,0,624.152,
09-11-2016 20:52,11-09-2016 21:02,Business,Oakland,Berkeley,2.6,,4.5,4.1,13.06,27,1.37,Rainy,High,Cash,No,Completed,Urban,Urban,Sedan,10,0,50,12,206.72,283.2064,7.656296296,20,Yes,Wednesday,No,No,Yes,Yes,0,283.2064,
09-11-2016 21:56,11-09-2016 22:02,Business,Central,Central,1.1,,3.9,4,13.44,20,1.66,Clear,Medium,Card,Yes,Completed,Urban,Rural,Auto,11,1,50,12,211.28,350.7248,10.564,21,No,Wednesday,No,No,No,No,21.128,329.5968,
10-11-2016 09:46,11-10-2016 10:15,Business,Berkeley,San Francisco,12.6,Temporary Site,3.7,3.2,16.69,18,1.97,Stormy,High,Cash,Yes,Cancelled by Passenger,Rural,Urban,Auto,1,2,50,12,250.28,493.0516,13.90444444,9,Yes,Thursday,No,Yes,Yes,No,25.028,468.0236,
10-11-2016 10:20,11-10-2016 10:31,Business,Tenderloin,SOMISSPO,1.2,,4.8,4.3,21.2,78,1.05,Stormy,Low,UPI,Yes,Cancelled by Passenger,Suburban,Suburban,Mini,1,3,50,12,304.4,319.62,3.902564103,10,Yes,Thursday,No,Yes,No,Yes,30.44,289.18,
10-11-2016 14:57,11-10-2016 15:07,Business,SOMISSPO,Tenderloin,1.1,,5,4.6,21.36,75,1.5,Stormy,High,UPI,Yes,Completed,Urban,Urban,Auto,7,1,50,12,306.32,459.48,4.084266667,14,No,Thursday,No,Yes,Yes,Yes,30.632,428.848,
10-11-2016 15:17,11-10-2016 15:22,Business,San Francisco,Oakland,9.9,Temporary Site,4.3,3.8,5.98,113,1.82,Foggy,High,Wallet,Yes,Cancelled by Driver,Suburban,Rural,Sedan,13,3,50,12,121.76,221.6032,1.077522124,15,No,Thursday,No,No,Yes,No,12.176,209.4272,
10-11-2016 15:30,11-10-2016 15:53,Business,Oakland,Berkeley,6,Meeting,3.8,4.6,15.5,56,1.56,Foggy,Medium,Wallet,Yes,Cancelled by Passenger,Rural,Suburban,SUV,11,0,50,12,236,368.16,4.214285714,15,No,Thursday,No,Yes,No,No,23.6,344.56,
10-11-2016 19:18,11-10-2016 19:21,Business,West Berkeley,Central,0.8,,3.9,4.9,12.95,41,1.27,Foggy,High,Wallet,No,Cancelled by Driver,Urban,Suburban,Auto,13,2,50,12,205.4,260.858,5.009756098,19,Yes,Thursday,No,No,Yes,No,0,260.858,
11-11-2016 09:35,11-11-2016 10:23,Business,Berkeley,Menlo Park,45.9,Customer Visit,3.5,3.4,26.25,33,2.46,Clear,Medium,UPI,Yes,Completed,Urban,Suburban,Auto,3,4,50,12,365,897.9,11.06060606,9,Yes,Friday,No,Yes,No,No,36.5,861.4,
11-11-2016 12:58,11-11-2016 13:13,Business,Menlo Park,Palo Alto,4,,4.9,4,19.31,71,2.63,Rainy,Medium,Cash,Yes,Completed,Rural,Suburban,Sedan,3,1,50,12,281.72,740.9236,3.967887324,12,No,Friday,No,Yes,No,Yes,28.172,712.7516,
11-11-2016 14:20,11-11-2016 14:32,Business,Palo Alto,Menlo Park,2.5,,3.7,3.6,16.44,19,1.51,Rainy,High,Wallet,No,Cancelled by Passenger,Urban,Urban,Auto,5,0,50,12,247.28,373.3928,13.01473684,14,No,Friday,No,Yes,Yes,No,0,373.3928,
11-11-2016 14:39,11-11-2016 15:46,Business,Menlo Park,Berkeley,36.6,Customer Visit,4.4,4.6,4.35,104,2.55,Clear,Low,Card,Yes,Cancelled by Driver,Suburban,Urban,Auto,11,3,50,12,102.2,260.61,0.982692308,14,No,Friday,No,No,No,No,10.22,250.39,
11-11-2016 18:30,11-11-2016 18:43,Business,Central,College Avenue,2.9,,3.9,4.2,18.56,51,1.77,Clear,Medium,Wallet,Yes,Cancelled by Passenger,Rural,Suburban,Sedan,6,3,50,12,272.72,482.7144,5.34745098,18,Yes,Friday,No,Yes,No,No,27.272,455.4424,
11-11-2016 21:08,11-11-2016 21:18,Business,College Avenue,Central,2.6,,4.3,4.3,4.4,50,2.01,Stormy,High,UPI,Yes,Completed,Rural,Rural,Auto,2,0,50,12,102.8,206.628,2.056,21,No,Friday,No,No,Yes,No,10.28,196.348,
12-11-2016 10:32,11-12-2016 10:52,Business,Central,South,2.3,,4.5,4.6,10.78,56,2.71,Stormy,Medium,Wallet,Yes,Cancelled by Driver,Urban,Suburban,SUV,3,1,50,12,179.36,486.0656,3.202857143,10,Yes,Saturday,Yes,No,No,Yes,17.936,468.1296,
12-11-2016 10:55,11-12-2016 11:25,Business,South,Downtown,6.4,,4.7,3.8,5.14,23,2.5,Foggy,Low,Cash,No,Cancelled by Passenger,Rural,Urban,Mini,6,4,50,12,111.68,279.2,4.855652174,10,Yes,Saturday,Yes,No,No,Yes,0,279.2,
12-11-2016 13:07,11-12-2016 13:15,Business,Downtown,Central,1.4,,3.8,4.8,21.07,81,2.61,Foggy,Low,Wallet,Yes,Cancelled by Passenger,Urban,Suburban,Auto,3,1,50,12,302.84,790.4124,3.738765432,13,No,Saturday,Yes,Yes,No,No,30.284,760.1284,
12-11-2016 13:46,11-12-2016 13:50,Business,Central,West Berkeley,0.6,,3.5,4.1,6.98,110,1.27,Clear,Medium,UPI,No,Cancelled by Passenger,Urban,Urban,SUV,14,2,50,12,133.76,169.8752,1.216,13,No,Saturday,Yes,No,No,No,0,169.8752,
12-11-2016 14:22,11-12-2016 14:53,Business,West Berkeley,South,5.9,Meeting,3.7,3.3,12.36,25,1.14,Foggy,Low,UPI,Yes,Completed,Rural,Suburban,Auto,5,1,50,12,198.32,226.0848,7.9328,14,No,Saturday,Yes,No,No,No,19.832,206.2528,
12-11-2016 15:14,11-12-2016 15:21,Business,South,Southwest Berkeley,0.8,,4.9,4.4,26.97,68,2.79,Rainy,High,Card,Yes,Cancelled by Passenger,Urban,Rural,Mini,9,2,50,12,373.64,1042.4556,5.494705882,15,No,Saturday,Yes,Yes,Yes,Yes,37.364,1005.0916,
12-11-2016 15:25,11-12-2016 15:36,Business,Berkeley,Emeryville,1.3,,4.8,4.6,6.93,41,1.78,Clear,High,UPI,No,Cancelled by Driver,Suburban,Suburban,Sedan,12,3,50,12,133.16,237.0248,3.247804878,15,No,Saturday,Yes,No,Yes,Yes,0,237.0248,
12-11-2016 15:40,11-12-2016 15:59,Business,Emeryville,Berkeley,3.7,Errand/Supplies,4.4,3.6,15.73,31,1.58,Clear,Medium,Card,Yes,Cancelled by Passenger,Suburban,Rural,Mini,3,2,50,12,238.76,377.2408,7.701935484,15,No,Saturday,Yes,Yes,No,No,23.876,353.3648,
,11/13/2016 9:02,Business,Central,Central,2.3,,4.4,4.7,13.16,59,2.45,Rainy,Low,Cash,No,Completed,Urban,Rural,Auto,12,4,50,12,207.92,509.404,3.524067797,,No,,No,No,No,No,0,509.404,
,11/13/2016 9:53,Business,Central,Central,2.6,,4.5,4.8,1.53,33,2.67,Stormy,High,UPI,No,Cancelled by Passenger,Suburban,Suburban,Mini,11,0,50,12,68.36,182.5212,2.071515152,,No,,No,No,Yes,Yes,0,182.5212,
,11/13/2016 10:37,Business,Central,Southside,1.9,,3.8,3.6,23.99,24,2.72,Stormy,High,Wallet,No,Completed,Urban,Rural,Mini,13,2,50,12,337.88,919.0336,14.07833333,,No,,No,Yes,Yes,No,0,919.0336,
,11/13/2016 11:16,Business,Southside,West Berkeley,2.1,,4.9,5,3,29,1.63,Rainy,High,Cash,Yes,Completed,Suburban,Rural,Sedan,13,1,50,12,86,140.18,2.965517241,,No,,No,No,Yes,Yes,8.6,131.58,
,11/13/2016 12:51,Business,West Berkeley,Southside,4,Meeting,4.1,3.3,14.75,74,2.7,Rainy,Medium,Wallet,Yes,Cancelled by Driver,Rural,Urban,Auto,6,2,50,12,227,612.9,3.067567568,,No,,No,No,No,No,22.7,590.2,
,11/13/2016 13:11,Business,Southside,South Berkeley,0.9,,4.1,3.4,17.26,67,1.08,Foggy,Medium,Wallet,Yes,Cancelled by Driver,Urban,Urban,Mini,11,3,50,12,257.12,277.6896,3.83761194,,No,,No,Yes,No,No,25.712,251.9776,
,11/13/2016 13:18,Business,South Berkeley,Southside,0.9,,4.3,3.4,19.22,40,1.1,Clear,High,Wallet,Yes,Cancelled by Passenger,Urban,Rural,Mini,5,2,50,12,280.64,308.704,7.016,,No,,No,Yes,Yes,No,28.064,280.64,
,11/13/2016 14:46,Business,Southside,Central,2.4,,3.6,4.8,20.97,6,2.25,Foggy,High,Cash,No,Completed,Urban,Suburban,Sedan,5,4,50,12,301.64,678.69,50.27333333,,No,,No,Yes,Yes,No,0,678.69,
,11/13/2016 15:24,Business,Central,Southside,1.9,,3.7,4.3,8.34,26,1.13,Rainy,Low,Cash,Yes,Completed,Urban,Rural,SUV,11,2,50,12,150.08,169.5904,5.772307692,,No,,No,No,No,No,15.008,154.5824,
,11/13/2016 15:59,Business,Southside,Central,1.9,,4.6,3.3,1.29,100,1.65,Foggy,Low,UPI,Yes,Cancelled by Driver,Urban,Suburban,Auto,14,4,50,12,65.48,108.042,0.6548,,No,,No,No,No,Yes,6.548,101.494,
,11/14/2016 12:13,Business,Berkeley,Mountain View,44.6,Customer Visit,3.6,3.9,21.98,20,2.35,Rainy,Low,Wallet,No,Cancelled by Driver,Urban,Urban,SUV,14,1,50,12,313.76,737.336,15.688,,No,,No,Yes,No,No,0,737.336,
,11/14/2016 14:33,Business,Mountain View,Berkeley,43.6,Customer Visit,4.4,4.2,16.53,22,1.67,Foggy,Medium,Card,No,Cancelled by Passenger,Rural,Suburban,SUV,6,3,50,12,248.36,414.7612,11.28909091,,No,,No,Yes,No,No,0,414.7612,
,11/14/2016 15:36,Business,Berkeley,Emeryville,2.5,,3.9,3.2,25.25,73,1.36,Foggy,High,UPI,Yes,Completed,Rural,Rural,Sedan,6,0,50,12,353,480.08,4.835616438,,No,,No,Yes,Yes,No,35.3,444.78,
,11/14/2016 20:30,Business,Emeryville,Berkeley,3.7,Errand/Supplies,4.1,4.8,24.82,58,1.56,Stormy,Medium,Cash,No,Cancelled by Driver,Suburban,Rural,Sedan,1,1,50,12,347.84,542.6304,5.997241379,,No,,No,Yes,No,No,0,542.6304,
,11/15/2016 14:06,Business,Berkeley,Oakland,5.1,,3.9,4.6,25.46,104,1.92,Rainy,High,Card,No,Cancelled by Passenger,Urban,Rural,Auto,11,1,50,12,355.52,682.5984,3.418461538,,No,,No,Yes,Yes,No,0,682.5984,
,11/15/2016 14:26,Business,Oakland,San Francisco,9.7,Temporary Site,4,4,15.07,34,1.95,Foggy,Low,Cash,No,Completed,Suburban,Rural,SUV,9,0,50,12,230.84,450.138,6.789411765,,No,,No,Yes,No,No,0,450.138,
,11/15/2016 21:00,Business,San Francisco,Berkeley,11.8,Temporary Site,4.6,4.9,10.68,49,2.57,Clear,Low,Card,No,Completed,Suburban,Rural,Mini,5,2,50,12,178.16,457.8712,3.635918367,,No,,No,No,No,Yes,0,457.8712,
,11/16/2016 20:27,Business,Berkeley,El Cerrito,2.3,Temporary Site,3.9,3.8,23.96,23,2.5,Foggy,Low,UPI,No,Cancelled by Driver,Rural,Suburban,SUV,1,2,50,12,337.52,843.8,14.67478261,,No,,No,Yes,No,No,0,843.8,
,11/16/2016 23:02,Business,El Cerrito,Berkeley,3.1,Meal/Entertain,4.3,5,14.09,91,1.91,Foggy,Low,Card,Yes,Cancelled by Passenger,Suburban,Rural,Sedan,8,2,50,12,219.08,418.4428,2.407472527,,No,,No,No,No,No,21.908,396.5348,
,11/17/2016 10:44,Business,Berkeley,Oakland,16.3,Customer Visit,4.2,4.3,6.32,38,2.69,Clear,High,UPI,Yes,Cancelled by Driver,Rural,Urban,Mini,7,3,50,12,125.84,338.5096,3.311578947,,No,,No,No,Yes,No,12.584,325.9256,
,11/18/2016 20:19,Business,Cary,Morrisville,3.1,Meal/Entertain,4.5,4.3,25.79,17,1.23,Rainy,Low,Cash,Yes,Cancelled by Passenger,Suburban,Rural,Mini,7,1,50,12,359.48,442.1604,21.14588235,,No,,No,Yes,No,Yes,35.948,406.2124,
,11/18/2016 21:34,Business,Morrisville,Cary,5.2,Meal/Entertain,4.9,3.3,26.59,47,1.51,Stormy,High,Card,Yes,Completed,Urban,Suburban,Sedan,14,4,50,12,369.08,557.3108,7.852765957,,No,,No,Yes,Yes,Yes,36.908,520.4028,
,11/18/2016 22:21,Business,Krendle Woods,Whitebridge,6.1,Meeting,4.6,4.8,14.52,66,2.66,Stormy,High,Wallet,Yes,Cancelled by Passenger,Suburban,Rural,Mini,5,0,50,12,224.24,596.4784,3.397575758,,No,,No,No,Yes,Yes,22.424,574.0544,
,11/19/2016 14:10,Business,Cary,Durham,10.3,Meeting,3.8,3.9,3.2,97,1.76,Stormy,Medium,Wallet,Yes,Cancelled by Passenger,Rural,Rural,SUV,1,1,50,12,88.4,155.584,0.911340206,,No,,No,No,No,No,8.84,146.744,
,11/19/2016 14:51,Business,Durham,Cary,10.5,Meeting,3.5,3.3,12.25,104,2.96,Clear,Low,Cash,Yes,Cancelled by Passenger,Rural,Suburban,Sedan,9,2,50,12,197,583.12,1.894230769,,No,,No,No,No,No,19.7,563.42,
,11/19/2016 16:06,Business,Cary,Cary,1.5,,3.9,3,24.3,26,1.93,Foggy,Low,Card,No,Cancelled by Passenger,Rural,Rural,Auto,11,0,50,12,341.6,659.288,13.13846154,,No,,No,Yes,No,No,0,659.288,
,11/19/2016 16:41,Business,Cary,Cary,1.8,,4.4,4.1,27.15,56,2.58,Rainy,Medium,Wallet,Yes,Cancelled by Passenger,Suburban,Suburban,Sedan,9,4,50,12,375.8,969.564,6.710714286,,No,,No,Yes,No,No,37.58,931.984,
,11/19/2016 17:54,Business,Cary,Apex,5.4,Errand/Supplies,3.6,4.1,6.9,56,1.8,Foggy,High,UPI,Yes,Cancelled by Driver,Suburban,Rural,Auto,8,1,50,12,132.8,239.04,2.371428571,,No,,No,No,Yes,No,13.28,225.76,
,11/19/2016 21:35,Business,Apex,Cary,5.4,Customer Visit,4.2,4.4,2.94,115,1.85,Stormy,Low,Card,Yes,Cancelled by Passenger,Rural,Urban,Auto,5,1,50,12,85.28,157.768,0.741565217,,No,,No,No,No,No,8.528,149.24,
,11/20/2016 11:32,Business,Cary,Cary,39.2,Between Offices,4.4,4.8,26.44,40,1.77,Foggy,High,Card,No,Cancelled by Passenger,Urban,Rural,Sedan,14,3,50,12,367.28,650.0856,9.182,,No,,No,Yes,Yes,No,0,650.0856,
,11/20/2016 12:28,Business,Cary,Cary,6.4,Customer Visit,4,3.2,12.29,77,2.44,Clear,Medium,Wallet,Yes,Completed,Urban,Suburban,Sedan,3,1,50,12,197.48,481.8512,2.564675325,,No,,No,No,No,No,19.748,462.1032,
,11/20/2016 15:07,Business,Cary,Cary,2.7,Meeting,4.7,4.5,16.71,107,2.1,Clear,High,UPI,Yes,Cancelled by Passenger,Suburban,Urban,Auto,8,1,50,12,250.52,526.092,2.341308411,,No,,No,Yes,Yes,Yes,25.052,501.04,
,11/20/2016 18:37,Business,Cary,Cary,18.5,Errand/Supplies,3.7,3.4,29.07,119,2.89,Rainy,Low,UPI,No,Completed,Suburban,Suburban,Auto,1,4,50,12,398.84,1152.6476,3.351596639,,No,,No,Yes,No,No,0,1152.6476,
,11/21/2016 13:49,Business,Cary,Cary,2.5,Meal/Entertain,3.6,4.7,2.93,23,1.5,Rainy,High,UPI,Yes,Cancelled by Driver,Rural,Rural,Mini,3,4,50,12,85.16,127.74,3.702608696,,No,,No,No,Yes,No,8.516,119.224,
,11/21/2016 14:44,Business,Cary,Cary,2.1,Meal/Entertain,4.6,4.6,19.8,42,1.2,Stormy,High,Card,Yes,Cancelled by Driver,Suburban,Urban,Sedan,12,0,50,12,287.6,345.12,6.847619048,,No,,No,Yes,Yes,Yes,28.76,316.36,
,11/21/2016 18:04,Business,Cary,Unknown Location,6.7,Errand/Supplies,4.2,4.1,3.15,74,1.79,Rainy,Low,Cash,No,Cancelled by Passenger,Suburban,Suburban,Sedan,11,2,50,12,87.8,157.162,1.186486486,,No,,No,No,No,No,0,157.162,
,11/21/2016 18:27,Business,Unknown Location,Morrisville,3.5,Meal/Entertain,4.5,4.4,11.89,115,2.23,Foggy,Low,Card,Yes,Cancelled by Driver,Rural,Urban,Mini,7,4,50,12,192.68,429.6764,1.675478261,,No,,No,No,No,Yes,19.268,410.4084,
,11/21/2016 18:51,Business,Morrisville,Cary,3.4,Errand/Supplies,4.2,3.6,24.31,83,2.72,Clear,High,Card,No,Cancelled by Passenger,Rural,Urban,Sedan,14,0,50,12,341.72,929.4784,4.117108434,,No,,No,Yes,Yes,No,0,929.4784,
,11/22/2016 15:27,Business,Cary,Cary,5.5,Meeting,3.9,3.9,13.57,61,1.69,Clear,High,Wallet,Yes,Cancelled by Driver,Suburban,Suburban,Mini,4,1,50,12,212.84,359.6996,3.489180328,,No,,No,No,Yes,No,21.284,338.4156,
,11/22/2016 15:44,Business,Cary,Cary,4.1,Meeting,4.7,4.6,29.92,24,2.31,Clear,Medium,Cash,Yes,Cancelled by Passenger,Urban,Urban,Mini,7,0,50,12,409.04,944.8824,17.04333333,,No,,No,Yes,No,Yes,40.904,903.9784,
,11/22/2016 16:43,Business,Cary,Cary,12.7,Customer Visit,4.7,3.9,17.21,13,1.7,Rainy,Low,UPI,Yes,Cancelled by Passenger,Suburban,Suburban,Sedan,12,0,50,12,256.52,436.084,19.73230769,,No,,No,Yes,No,Yes,25.652,410.432,
,11/22/2016 18:28,Business,Cary,Morrisville,3,Meal/Entertain,4.5,3.7,10.31,36,2.23,Clear,High,Wallet,No,Completed,Urban,Urban,SUV,11,0,50,12,173.72,387.3956,4.825555556,,No,,No,No,Yes,Yes,0,387.3956,
,11/22/2016 21:14,Business,Morrisville,Cary,3.5,Customer Visit,3.9,4,7.38,8,2.77,Clear,Low,Card,No,Completed,Urban,Urban,Auto,13,0,50,12,138.56,383.8112,17.32,,No,,No,No,No,No,0,383.8112,
,11/23/2016 15:50,Business,Cary,Cary,5.9,Meal/Entertain,4.4,4.7,11.17,54,1.46,Clear,Medium,Cash,No,Completed,Urban,Urban,Sedan,14,4,50,12,184.04,268.6984,3.408148148,,No,,No,No,No,No,0,268.6984,
,11/23/2016 16:29,Business,Cary,Cary,1.9,,4,3.7,11.8,86,1.81,Stormy,High,UPI,Yes,Completed,Rural,Rural,SUV,5,2,50,12,191.6,346.796,2.227906977,,No,,No,No,Yes,No,19.16,327.636,
,11/23/2016 17:00,Business,Cary,Cary,3.3,,3.6,3.3,2.99,9,2.99,Stormy,High,UPI,Yes,Cancelled by Passenger,Rural,Rural,Mini,6,0,50,12,85.88,256.7812,9.542222222,,No,,No,No,Yes,No,8.588,248.1932,
,11/23/2016 18:47,Business,Cary,Cary,1.3,,4.9,4.4,11.72,24,2.74,Rainy,High,Card,No,Cancelled by Driver,Rural,Suburban,SUV,14,3,50,12,190.64,522.3536,7.943333333,,No,,No,No,Yes,Yes,0,522.3536,
,11/25/2016 12:04,Business,Cary,Durham,10.3,Meeting,3.7,4.7,14.46,91,2.13,Clear,Low,UPI,No,Cancelled by Passenger,Suburban,Urban,Sedan,7,1,50,12,223.52,476.0976,2.456263736,,No,,No,No,No,No,0,476.0976,
,11/25/2016 13:31,Business,Durham,Cary,11.1,Meeting,4.9,3.2,21.96,79,2.03,Rainy,Medium,UPI,Yes,Completed,Rural,Suburban,Sedan,13,1,50,12,313.52,636.4456,3.968607595,,No,,No,Yes,No,Yes,31.352,605.0936,
,11/26/2016 15:59,Business,Cary,Cary,1.4,,4.2,3.5,20.05,41,1.57,Clear,Low,Cash,Yes,Completed,Rural,Rural,SUV,10,1,50,12,290.6,456.242,7.087804878,,No,,No,Yes,No,No,29.06,427.182,
,11/26/2016 17:12,Business,Cary,Apex,5.1,Meeting,3.8,3.3,21.55,26,2.03,Clear,High,Wallet,Yes,Cancelled by Driver,Suburban,Rural,Sedan,12,1,50,12,308.6,626.458,11.86923077,,No,,No,Yes,Yes,No,30.86,595.598,
,11/26/2016 17:56,Business,Apex,Holly Springs,9,Meeting,4.3,3.7,1.24,62,2.7,Clear,Medium,Cash,Yes,Completed,Suburban,Rural,Auto,7,1,50,12,64.88,175.176,1.046451613,,No,,No,No,No,No,6.488,168.688,
,11/26/2016 19:04,Business,Holly Springs,Cary,13.3,Between Offices,4.8,3.9,7.31,72,2.37,Rainy,High,Wallet,No,Cancelled by Passenger,Urban,Rural,SUV,7,0,50,12,137.72,326.3964,1.912777778,,No,,No,No,Yes,Yes,0,326.3964,
,11/26/2016 19:54,Business,Cary,Cary,2.5,Errand/Supplies,4.6,4.5,20.19,97,1.58,Rainy,High,Wallet,Yes,Cancelled by Passenger,Suburban,Suburban,Mini,7,2,50,12,292.28,461.8024,3.013195876,,No,,No,Yes,Yes,Yes,29.228,432.5744,
,11/27/2016 16:06,Business,Cary,Morrisville,3.3,Meal/Entertain,4.7,4.3,15.04,48,1.4,Clear,Low,Wallet,Yes,Cancelled by Passenger,Suburban,Urban,SUV,11,3,50,12,230.48,322.672,4.801666667,,No,,No,Yes,No,Yes,23.048,299.624,
,11/27/2016 19:09,Business,Morrisville,Cary,2.9,,4.5,4.2,1.15,38,1.53,Foggy,High,UPI,Yes,Cancelled by Passenger,Rural,Suburban,SUV,13,4,50,12,63.8,97.614,1.678947368,,No,,No,No,Yes,Yes,6.38,91.234,
,11/30/2016 11:34,Business,Cary,Raleigh,8.5,Customer Visit,4.5,3.7,24.33,81,1.34,Rainy,Medium,Cash,Yes,Cancelled by Passenger,Urban,Urban,SUV,13,3,50,12,341.96,458.2264,4.221728395,,No,,No,Yes,No,Yes,34.196,424.0304,
,11/30/2016 12:35,Business,Raleigh,Morrisville,6.7,Temporary Site,4.8,4.7,23.41,46,1.19,Stormy,High,UPI,Yes,Cancelled by Driver,Urban,Rural,SUV,7,4,50,12,330.92,393.7948,7.193913043,,No,,No,Yes,Yes,Yes,33.092,360.7028,
,11/30/2016 12:53,Business,Morrisville,Cary,3.1,,3.9,3.9,16.9,13,1.84,Rainy,High,Card,Yes,Cancelled by Passenger,Suburban,Urban,Mini,3,4,50,12,252.8,465.152,19.44615385,,No,,No,Yes,Yes,No,25.28,439.872,
01-12-2016 07:44,12-01-2016 07:59,Business,Cary,Cary,5.5,Meeting,4.2,5,2.93,110,1.23,Clear,Low,Cash,Yes,Completed,Rural,Rural,Mini,12,3,50,12,85.16,104.7468,0.774181818,7,No,Thursday,No,No,No,No,8.516,96.2308,
01-12-2016 08:37,12-01-2016 08:53,Business,Cary,Cary,5.5,Errand/Supplies,3.8,4.3,23.23,99,1.34,Foggy,Medium,Wallet,No,Completed,Rural,Suburban,Mini,3,0,50,12,328.76,440.5384,3.320808081,8,Yes,Thursday,No,Yes,No,No,0,440.5384,
01-12-2016 18:00,12-01-2016 18:12,Business,Cary,Morrisville,2.9,Meal/Entertain,5,3.3,17.93,11,2.09,Clear,Low,UPI,No,Completed,Rural,Urban,SUV,7,1,50,12,265.16,554.1844,24.10545455,18,Yes,Thursday,No,Yes,No,Yes,0,554.1844,
01-12-2016 20:36,12-01-2016 20:46,Business,Morrisville,Cary,2.9,Customer Visit,4.9,4.4,23.68,72,1.33,Stormy,High,UPI,No,Completed,Rural,Suburban,Auto,14,0,50,12,334.16,444.4328,4.641111111,20,Yes,Thursday,No,Yes,Yes,Yes,0,444.4328,
02-12-2016 12:12,12-02-2016 12:23,Business,Cary,Apex,5.1,Meal/Entertain,3.6,3.7,22.8,23,1.13,Rainy,Low,Cash,Yes,Cancelled by Driver,Suburban,Rural,Auto,2,1,50,12,323.6,365.668,14.06956522,12,No,Friday,No,Yes,No,No,32.36,333.308,
02-12-2016 13:07,12-02-2016 13:22,Business,Apex,Cary,5.3,Customer Visit,4.6,4.4,24.29,110,1.63,Rainy,Low,Cash,No,Completed,Rural,Suburban,Mini,14,2,50,12,341.48,556.6124,3.104363636,13,No,Friday,No,Yes,No,Yes,0,556.6124,
02-12-2016 20:41,12-02-2016 20:48,Business,Cary,Morrisville,3.3,Meal/Entertain,4.9,3.1,16.02,98,1.44,Clear,Low,Wallet,Yes,Cancelled by Driver,Urban,Rural,Auto,2,4,50,12,242.24,348.8256,2.471836735,20,Yes,Friday,No,Yes,No,Yes,24.224,324.6016,
02-12-2016 22:59,12-02-2016 23:07,Business,Morrisville,Cary,3,Customer Visit,3.8,3.3,5.07,35,2.03,Clear,Low,Wallet,Yes,Completed,Urban,Rural,Auto,3,3,50,12,110.84,225.0052,3.166857143,22,No,Friday,No,No,No,No,11.084,213.9212,
03-12-2016 18:35,12-03-2016 18:56,Business,Cary,Wake Co.,6.6,Errand/Supplies,4.4,4.7,20.46,39,1.2,Stormy,High,Card,Yes,Cancelled by Driver,Suburban,Rural,Auto,14,2,50,12,295.52,354.624,7.577435897,18,Yes,Saturday,Yes,Yes,Yes,No,29.552,325.072,
03-12-2016 19:08,12-03-2016 19:15,Business,Wake Co.,Morrisville,1.8,,4.9,3.5,18.99,61,2.5,Foggy,High,Wallet,Yes,Cancelled by Driver,Rural,Suburban,Auto,4,1,50,12,277.88,694.7,4.555409836,19,Yes,Saturday,Yes,Yes,Yes,Yes,27.788,666.912,
03-12-2016 20:31,12-03-2016 20:41,Business,Morrisville,Cary,3,Customer Visit,3.6,4.7,22.53,89,2.81,Stormy,Medium,UPI,No,Cancelled by Driver,Rural,Suburban,Auto,6,0,50,12,320.36,900.2116,3.599550562,20,Yes,Saturday,Yes,Yes,No,No,0,900.2116,
04-12-2016 18:56,12-04-2016 19:03,Business,Cary,Morrisville,2.9,Meal/Entertain,4.5,3.6,5.93,65,2.49,Foggy,Low,Card,Yes,Completed,Rural,Urban,Sedan,13,3,50,12,121.16,301.6884,1.864,18,Yes,Sunday,Yes,No,No,Yes,12.116,289.5724,
04-12-2016 20:23,12-04-2016 20:34,Business,Morrisville,Cary,3.4,Customer Visit,3.9,4.3,6.65,35,2.07,Rainy,Low,Card,Yes,Cancelled by Driver,Rural,Urban,Mini,8,4,50,12,129.8,268.686,3.708571429,20,Yes,Sunday,Yes,No,No,No,12.98,255.706,
05-12-2016 18:04,12-05-2016 18:17,Business,Cary,Cary,4.1,,4.9,4.4,26.82,87,2.72,Foggy,Medium,Card,No,Cancelled by Passenger,Suburban,Suburban,SUV,10,2,50,12,371.84,1011.4048,4.274022989,18,Yes,Monday,No,Yes,No,Yes,0,1011.4048,
05-12-2016 19:22,12-05-2016 19:37,Business,Cary,Cary,3.8,Meal/Entertain,5,4,22.75,99,2.39,Foggy,Low,Cash,No,Cancelled by Passenger,Rural,Suburban,Auto,10,4,50,12,323,771.97,3.262626263,19,Yes,Monday,No,Yes,No,Yes,0,771.97,
07-12-2016 12:03,12-07-2016 12:32,Business,Cary,Cary,6.6,Meeting,4.9,3.6,27.34,57,1.02,Rainy,Medium,Wallet,No,Completed,Suburban,Suburban,Sedan,7,1,50,12,378.08,385.6416,6.632982456,12,No,Wednesday,No,Yes,No,Yes,0,385.6416,
07-12-2016 12:35,12-07-2016 12:46,Business,Cary,Cary,4,Meeting,4.2,3.4,23,36,1.79,Rainy,High,Card,Yes,Cancelled by Passenger,Rural,Suburban,SUV,4,4,50,12,326,583.54,9.055555556,12,No,Wednesday,No,Yes,Yes,No,32.6,550.94,
07-12-2016 19:53,12-07-2016 20:13,Business,Cary,Cary,7,Customer Visit,4.8,3.1,18.32,70,2.7,Rainy,Medium,Cash,No,Cancelled by Passenger,Rural,Rural,Sedan,2,0,50,12,269.84,728.568,3.854857143,19,Yes,Wednesday,No,Yes,No,Yes,0,728.568,
07-12-2016 21:13,12-07-2016 21:50,Business,Cary,Cary,6.9,Meal/Entertain,4.8,3.6,19.97,63,1.69,Stormy,Low,Cash,Yes,Cancelled by Passenger,Urban,Rural,Auto,2,2,50,12,289.64,489.4916,4.597460317,21,No,Wednesday,No,Yes,No,Yes,28.964,460.5276,
08-12-2016 14:19,12-08-2016 14:32,Business,Cary,Cary,3.4,Errand/Supplies,4,4.3,26.78,14,1.07,Rainy,Medium,Card,Yes,Completed,Suburban,Rural,Auto,4,2,50,12,371.36,397.3552,26.52571429,14,No,Thursday,No,Yes,No,No,37.136,360.2192,
08-12-2016 14:53,12-08-2016 15:02,Business,Cary,Cary,3.4,Errand/Supplies,4.7,4.9,17.79,6,2.49,Clear,High,Card,No,Completed,Urban,Suburban,Auto,6,0,50,12,263.48,656.0652,43.91333333,14,No,Thursday,No,Yes,Yes,Yes,0,656.0652,
08-12-2016 19:22,12-08-2016 19:27,Business,Cary,Cary,2,Meeting,3.6,4.7,19.34,70,2.6,Rainy,Low,UPI,No,Cancelled by Passenger,Suburban,Rural,Auto,3,4,50,12,282.08,733.408,4.029714286,19,Yes,Thursday,No,Yes,No,No,0,733.408,
08-12-2016 21:26,12-08-2016 21:31,Business,Cary,Cary,2,Errand/Supplies,4.4,4.5,5.54,64,1.32,Rainy,High,Card,No,Completed,Rural,Rural,SUV,6,0,50,12,116.48,153.7536,1.82,21,No,Thursday,No,No,Yes,No,0,153.7536,
09-12-2016 12:09,12-09-2016 12:24,Business,Cary,Apex,5.1,Errand/Supplies,3.8,4.6,14.74,92,2.07,Rainy,High,UPI,Yes,Cancelled by Driver,Rural,Urban,SUV,5,3,50,12,226.88,469.6416,2.466086957,12,No,Friday,No,No,Yes,No,22.688,446.9536,
09-12-2016 13:15,12-09-2016 13:43,Business,Apex,Cary,8.8,Temporary Site,3.7,4.3,21.78,21,1.38,Foggy,Medium,Card,Yes,Cancelled by Passenger,Suburban,Urban,Sedan,5,0,50,12,311.36,429.6768,14.82666667,13,No,Friday,No,Yes,No,No,31.136,398.5408,
09-12-2016 20:11,12-09-2016 20:34,Business,Cary,Cary,5.6,Meeting,3.6,3.5,8.86,100,2.44,Stormy,High,Card,Yes,Completed,Urban,Rural,Mini,2,4,50,12,156.32,381.4208,1.5632,20,Yes,Friday,No,No,Yes,No,15.632,365.7888,
09-12-2016 22:03,12-09-2016 22:57,Business,Cary,Cary,18.9,Customer Visit,4.5,4.8,6.87,20,1.54,Rainy,Low,Wallet,Yes,Completed,Suburban,Rural,Auto,8,0,50,12,132.44,203.9576,6.622,22,No,Friday,No,No,No,Yes,13.244,190.7136,
10-12-2016 12:43,12-10-2016 13:16,Business,Cary,Fuquay-Varina,15.6,Meeting,4,4.3,10.1,20,1.63,Stormy,High,Card,Yes,Cancelled by Passenger,Suburban,Rural,Sedan,5,1,50,12,171.2,279.056,8.56,12,No,Saturday,Yes,No,Yes,No,17.12,261.936,
10-12-2016 14:42,12-10-2016 15:18,Business,Fuquay-Varina,Cary,15.6,Errand/Supplies,4.6,4.1,8,50,2.69,Clear,High,Card,Yes,Completed,Rural,Suburban,Sedan,11,0,50,12,146,392.74,2.92,14,No,Saturday,Yes,No,Yes,Yes,14.6,378.14,
10-12-2016 18:17,12-10-2016 18:27,Business,Cary,Morrisville,3,Meal/Entertain,3.6,3.2,7.23,43,1.95,Clear,Medium,UPI,No,Cancelled by Passenger,Urban,Urban,Sedan,2,0,50,12,136.76,266.682,3.180465116,18,Yes,Saturday,Yes,No,No,No,0,266.682,
10-12-2016 22:09,12-10-2016 22:21,Business,Morrisville,Cary,3.1,Customer Visit,4,3.9,13.32,35,2.34,Rainy,High,UPI,Yes,Completed,Suburban,Urban,Auto,7,4,50,12,209.84,491.0256,5.995428571,22,No,Saturday,Yes,No,Yes,No,20.984,470.0416,
11-12-2016 16:06,12-11-2016 16:16,Business,Cary,Morrisville,3,Meal/Entertain,4.3,3.9,27.33,111,1.8,Clear,Medium,Wallet,No,Cancelled by Driver,Urban,Urban,Auto,13,3,50,12,377.96,680.328,3.405045045,16,No,Sunday,Yes,Yes,No,No,0,680.328,
11-12-2016 19:05,12-11-2016 19:15,Business,Morrisville,Cary,4.8,Errand/Supplies,4.7,4.7,15.7,92,1.6,Stormy,Medium,Card,No,Cancelled by Passenger,Urban,Rural,Sedan,9,3,50,12,238.4,381.44,2.591304348,19,Yes,Sunday,Yes,Yes,No,Yes,0,381.44,
11-12-2016 21:48,12-11-2016 21:56,Business,Cary,Cary,2.1,Errand/Supplies,4,4.1,6.45,5,2.25,Foggy,Low,Card,No,Cancelled by Driver,Suburban,Suburban,Auto,9,4,50,12,127.4,286.65,25.48,21,No,Sunday,Yes,No,No,No,0,286.65,
12-12-2016 13:22,12-12-2016 13:32,Business,Cary,Cary,3.1,Errand/Supplies,4.4,3.8,3.23,15,1.31,Rainy,Low,UPI,No,Cancelled by Passenger,Urban,Urban,Sedan,1,4,50,12,88.76,116.2756,5.917333333,13,No,Monday,No,No,No,No,0,116.2756,
12-12-2016 13:36,12-12-2016 13:51,Business,Cary,Apex,4.4,Meal/Entertain,4.8,5,21.19,89,1.75,Clear,Low,Cash,No,Completed,Rural,Urban,SUV,7,4,50,12,304.28,532.49,3.418876404,13,No,Monday,No,Yes,No,Yes,0,532.49,
12-12-2016 14:26,12-12-2016 14:39,Business,Apex,Cary,4.7,Customer Visit,4.4,3.2,12.1,8,1.42,Stormy,Low,Cash,Yes,Cancelled by Driver,Rural,Suburban,Auto,9,1,50,12,195.2,277.184,24.4,14,No,Monday,No,No,No,No,19.52,257.664,
12-12-2016 17:51,12-12-2016 18:01,Business,Cary,Morrisville,3,Meal/Entertain,3.8,3.8,24.83,75,2.39,Stormy,Medium,Cash,Yes,Completed,Rural,Rural,SUV,6,2,50,12,347.96,831.6244,4.639466667,17,Yes,Monday,No,Yes,No,No,34.796,796.8284,
12-12-2016 20:48,12-12-2016 20:57,Business,Morrisville,Cary,3,Customer Visit,3.5,3.1,20.13,30,2.89,Clear,High,UPI,Yes,Cancelled by Passenger,Rural,Rural,Mini,1,0,50,12,291.56,842.6084,9.718666667,20,Yes,Monday,No,Yes,Yes,No,29.156,813.4524,
,12/13/2016 18:29,Business,Cary,Cary,4.2,Errand/Supplies,4.8,4.5,24.09,115,2.99,Stormy,Low,UPI,Yes,Cancelled by Passenger,Urban,Urban,Auto,2,4,50,12,339.08,1013.8492,2.948521739,,No,,No,Yes,No,Yes,33.908,979.9412,
,12/13/2016 20:29,Business,Cary,Cary,4.1,Meal/Entertain,3.5,4.8,8.89,54,1.9,Stormy,Low,Cash,No,Cancelled by Passenger,Rural,Urban,Mini,4,4,50,12,156.68,297.692,2.901481481,,No,,No,No,No,No,0,297.692,
,12/14/2016 17:10,Business,Cary,Cary,3.4,,4.8,3.6,21.08,16,1.51,Rainy,Low,Cash,No,Cancelled by Passenger,Suburban,Suburban,Sedan,14,4,50,12,302.96,457.4696,18.935,,No,,No,Yes,No,Yes,0,457.4696,
,12/14/2016 17:34,Business,Cary,Cary,3.3,,4.3,4.7,8.66,99,1.89,Stormy,High,Card,No,Cancelled by Passenger,Rural,Urban,Auto,4,3,50,12,153.92,290.9088,1.554747475,,No,,No,No,Yes,No,0,290.9088,
,12/14/2016 18:00,Business,Cary,Morrisville,3,Meal/Entertain,4.9,3.6,28.23,85,2.69,Clear,Low,UPI,Yes,Cancelled by Driver,Suburban,Suburban,Auto,2,4,50,12,388.76,1045.7644,4.573647059,,No,,No,Yes,No,Yes,38.876,1006.8884,
,12/14/2016 20:40,Business,Morrisville,Cary,3.1,Customer Visit,4.7,4.8,19.45,101,1.41,Rainy,High,UPI,Yes,Cancelled by Passenger,Suburban,Urban,Auto,8,0,50,12,283.4,399.594,2.805940594,,No,,No,Yes,Yes,Yes,28.34,371.254,
,12/15/2016 14:54,Business,Cary,Morrisville,10.6,Meeting,5,4.5,10.41,79,2.9,Clear,Medium,Cash,Yes,Completed,Rural,Urban,Mini,2,4,50,12,174.92,507.268,2.214177215,,No,,No,No,No,Yes,17.492,489.776,
,12/17/2016 16:12,Business,Unknown Location,Unknown Location,4.8,Airport/Travel,4,4.6,8.82,96,1.68,Foggy,Medium,Cash,Yes,Cancelled by Driver,Rural,Urban,Mini,3,0,50,12,155.84,261.8112,1.623333333,,No,,No,No,No,No,15.584,246.2272,
,12/17/2016 17:59,Business,Unknown Location,Unknown Location,5.3,Temporary Site,4.7,3,6.54,100,2.97,Clear,Medium,Wallet,No,Completed,Urban,Rural,Sedan,14,1,50,12,128.48,381.5856,1.2848,,No,,No,No,No,Yes,0,381.5856,
,12/18/2016 13:41,Business,Unknown Location,Unknown Location,4.9,Errand/Supplies,4.1,4.9,21.14,69,2.68,Clear,High,UPI,No,Cancelled by Passenger,Suburban,Suburban,SUV,4,2,50,12,303.68,813.8624,4.40115942,,No,,No,Yes,Yes,No,0,813.8624,
,12/18/2016 17:25,Business,Unknown Location,Unknown Location,10.2,Errand/Supplies,4.2,4.5,7.34,51,2.62,Rainy,Low,Wallet,Yes,Completed,Rural,Suburban,SUV,9,3,50,12,138.08,361.7696,2.70745098,,No,,No,No,No,No,13.808,347.9616,
,12/18/2016 21:04,Business,Unknown Location,Unknown Location,9.2,,4.4,3.6,18.26,96,1.64,Stormy,Low,Card,Yes,Cancelled by Driver,Urban,Rural,Mini,10,0,50,12,269.12,441.3568,2.803333333,,No,,No,Yes,No,No,26.912,414.4448,
,12/19/2016 9:36,Business,Unknown Location,Islamabad,7.7,Errand/Supplies,4.8,4.7,8.67,57,1.02,Clear,Low,Wallet,No,Cancelled by Driver,Rural,Rural,Auto,1,1,50,12,154.04,157.1208,2.70245614,,No,,No,No,No,Yes,0,157.1208,
,12/19/2016 10:34,Business,Islamabad,Rawalpindi,5.9,Temporary Site,5,3.6,20.2,110,1.76,Rainy,Low,Cash,No,Cancelled by Driver,Rural,Rural,SUV,8,2,50,12,292.4,514.624,2.658181818,,No,,No,Yes,No,Yes,0,514.624,
,12/19/2016 13:08,Business,Rawalpindi,Unknown Location,0.7,Errand/Supplies,4.7,4.7,24.63,75,1.6,Foggy,Low,UPI,No,Completed,Rural,Suburban,SUV,12,2,50,12,345.56,552.896,4.607466667,,No,,No,Yes,No,Yes,0,552.896,
,12/19/2016 13:35,Business,Unknown Location,Unknown Location,1.3,,4.1,3.2,23.56,6,1.07,Rainy,High,UPI,No,Cancelled by Driver,Suburban,Urban,Mini,14,2,50,12,332.72,356.0104,55.45333333,,No,,No,Yes,Yes,No,0,356.0104,
,12/19/2016 14:15,Business,Unknown Location,Unknown Location,2.5,,4.1,4.4,23.06,110,2.01,Rainy,Medium,Wallet,Yes,Completed,Rural,Rural,Sedan,5,0,50,12,326.72,656.7072,2.970181818,,No,,No,Yes,No,No,32.672,624.0352,
,12/19/2016 14:32,Business,Unknown Location,Unknown Location,5.3,,4.6,4.1,6.44,28,1.81,Stormy,Low,Wallet,No,Cancelled by Passenger,Urban,Rural,Mini,7,1,50,12,127.28,230.3768,4.545714286,,No,,No,No,No,Yes,0,230.3768,
,12/19/2016 14:50,Business,Unknown Location,Unknown Location,5.4,,3.9,3.2,3.56,8,2.27,Clear,Medium,Card,No,Cancelled by Passenger,Rural,Rural,Mini,8,4,50,12,92.72,210.4744,11.59,,No,,No,No,No,No,0,210.4744,
,12/19/2016 15:38,Business,Unknown Location,Rawalpindi,10.2,Customer Visit,3.7,3.5,21.27,112,2.24,Foggy,High,Card,No,Completed,Rural,Urban,Auto,5,1,50,12,305.24,683.7376,2.725357143,,No,,No,Yes,Yes,No,0,683.7376,
,12/19/2016 17:09,Business,Rawalpindi,Islamabad,7.2,Customer Visit,4,3,11.68,23,1.24,Rainy,High,Cash,No,Cancelled by Driver,Urban,Urban,Mini,8,1,50,12,190.16,235.7984,8.267826087,,No,,No,No,Yes,No,0,235.7984,
,12/19/2016 19:17,Business,Islamabad,Unknown Location,2.2,,3.9,3.9,13.54,30,2.95,Clear,Low,Cash,Yes,Completed,Urban,Rural,Auto,10,1,50,12,212.48,626.816,7.082666667,,No,,No,No,No,No,21.248,605.568,
,12/19/2016 20:30,Business,Unknown Location,Unknown Location,11,Meeting,3.9,3.6,1.9,79,1.37,Clear,High,Cash,Yes,Completed,Suburban,Urban,Sedan,11,0,50,12,72.8,99.736,0.921518987,,No,,No,No,Yes,No,7.28,92.456,
,12/20/2016 9:24,Business,Unknown Location,Rawalpindi,12,,3.9,4.2,8.53,44,1.89,Rainy,Medium,Wallet,Yes,Completed,Suburban,Rural,Auto,8,0,50,12,152.36,287.9604,3.462727273,,No,,No,No,No,No,15.236,272.7244,
,12/20/2016 10:48,Business,Rawalpindi,Rawalpindi,3.3,Errand/Supplies,3.6,3.6,1.98,54,1.98,Clear,Low,Wallet,Yes,Cancelled by Passenger,Suburban,Urban,Sedan,9,0,50,12,73.76,146.0448,1.365925926,,No,,No,No,No,No,7.376,138.6688,
,12/20/2016 12:17,Business,Rawalpindi,Unknown Location,19.4,Meeting,3.5,3.6,26.5,47,2.63,Rainy,Low,UPI,Yes,Completed,Suburban,Suburban,Sedan,2,1,50,12,368,967.84,7.829787234,,No,,No,Yes,No,No,36.8,931.04,
,12/20/2016 13:20,Business,Unknown Location,Unknown Location,1.7,Errand/Supplies,5,4.5,8.06,79,1.2,Rainy,Medium,Cash,Yes,Cancelled by Passenger,Urban,Suburban,Sedan,3,0,50,12,146.72,176.064,1.85721519,,No,,No,No,No,Yes,14.672,161.392,
,12/20/2016 14:17,Business,Unknown Location,Islamabad,5.7,Temporary Site,4.1,3.1,17.16,113,1.86,Rainy,Low,Wallet,No,Completed,Rural,Urban,Mini,1,2,50,12,255.92,476.0112,2.264778761,,No,,No,Yes,No,No,0,476.0112,
,12/20/2016 16:24,Business,Islamabad,Islamabad,1.8,Errand/Supplies,4.1,4.8,2.13,71,2.26,Foggy,Low,UPI,No,Cancelled by Passenger,Rural,Suburban,Auto,4,0,50,12,75.56,170.7656,1.064225352,,No,,No,No,No,No,0,170.7656,
,12/20/2016 17:07,Business,Islamabad,Islamabad,1.4,Errand/Supplies,4.5,4.7,20.34,16,1.43,Rainy,Medium,Cash,No,Completed,Rural,Suburban,SUV,5,3,50,12,294.08,420.5344,18.38,,No,,No,Yes,No,Yes,0,420.5344,
,12/20/2016 19:21,Business,Islamabad,Unknown Location,10.3,Customer Visit,3.8,4.3,10.37,71,2.25,Stormy,Low,Card,No,Completed,Suburban,Suburban,Mini,11,0,50,12,174.44,392.49,2.456901408,,No,,No,No,No,No,0,392.49,
,12/21/2016 8:10,Business,Unknown Location,Unknown Location,11.5,Meeting,4.9,4.2,27.04,110,2.85,Clear,Low,Card,Yes,Cancelled by Driver,Urban,Rural,Sedan,1,0,50,12,374.48,1067.268,3.404363636,,No,,No,Yes,No,Yes,37.448,1029.82,
,12/21/2016 10:30,Business,Unknown Location,Islamabad,4.9,Errand/Supplies,4.7,4.8,26.76,31,3,Foggy,Medium,Wallet,No,Cancelled by Driver,Urban,Urban,SUV,8,0,50,12,371.12,1113.36,11.9716129,,No,,No,Yes,No,Yes,0,1113.36,
,12/21/2016 11:49,Business,Islamabad,Unknown Location,3.5,Meal/Entertain,3.6,3.4,10.43,117,1.06,Clear,High,UPI,Yes,Completed,Urban,Urban,Mini,2,0,50,12,175.16,185.6696,1.497094017,,No,,No,No,Yes,No,17.516,168.1536,
,12/21/2016 13:33,Business,Unknown Location,Unknown Location,16.2,Meeting,4.1,3.2,27.13,58,1.47,Foggy,Medium,Card,No,Completed,Rural,Urban,SUV,1,3,50,12,375.56,552.0732,6.475172414,,No,,No,Yes,No,No,0,552.0732,
,12/21/2016 15:49,Business,Unknown Location,Unknown Location,2,Errand/Supplies,4.8,3.5,29.89,70,1.62,Stormy,Low,UPI,No,Completed,Suburban,Suburban,Sedan,2,4,50,12,408.68,662.0616,5.838285714,,No,,No,Yes,No,Yes,0,662.0616,
,12/21/2016 16:05,Business,Unknown Location,Islamabad,2.1,Errand/Supplies,4.9,4.6,24.94,53,1.8,Foggy,Medium,UPI,No,Completed,Urban,Rural,SUV,13,0,50,12,349.28,628.704,6.590188679,,No,,No,Yes,No,Yes,0,628.704,
,12/21/2016 17:54,Business,Islamabad,Islamabad,2.1,Meeting,4.2,3.1,25.5,20,1.48,Foggy,Low,Card,Yes,Cancelled by Driver,Suburban,Urban,SUV,5,2,50,12,356,526.88,17.8,,No,,No,Yes,No,No,35.6,491.28,
,12/21/2016 18:31,Business,Islamabad,Unknown Location,7.2,Customer Visit,4.4,4.2,8.22,6,1.41,Foggy,Low,UPI,No,Cancelled by Passenger,Urban,Suburban,Sedan,9,3,50,12,148.64,209.5824,24.77333333,,No,,No,No,No,No,0,209.5824,
,12/21/2016 20:35,Business,Unknown Location,Rawalpindi,12,Meeting,3.8,5,17.72,64,2.91,Clear,Medium,Card,Yes,Completed,Suburban,Rural,SUV,9,4,50,12,262.64,764.2824,4.10375,,No,,No,Yes,No,No,26.264,738.0184,
,12/21/2016 23:42,Business,Rawalpindi,Unknown Location,103,Meeting,5,4.7,2.95,58,2.84,Rainy,Low,Wallet,Yes,Cancelled by Driver,Urban,Rural,Mini,2,0,50,12,85.4,242.536,1.472413793,,No,,No,No,No,Yes,8.54,233.996,
,12/22/2016 16:38,Business,Unknown Location,Unknown Location,32.3,Meeting,3.8,4,3.75,34,1.09,Clear,High,Cash,No,Completed,Suburban,Urban,SUV,2,4,50,12,95,103.55,2.794117647,,No,,No,No,Yes,No,0,103.55,
,12/22/2016 17:20,Business,Unknown Location,Unknown Location,5.3,Customer Visit,4.9,3.1,29.97,88,1.68,Rainy,Low,Cash,Yes,Completed,Urban,Urban,Auto,3,2,50,12,409.64,688.1952,4.655,,No,,No,Yes,No,Yes,40.964,647.2312,
,12/22/2016 17:53,Business,Unknown Location,Unknown Location,11.6,Meeting,4.5,4.7,10.47,42,1.81,Clear,Medium,Wallet,Yes,Cancelled by Passenger,Urban,Suburban,Mini,7,3,50,12,175.64,317.9084,4.181904762,,No,,No,No,No,Yes,17.564,300.3444,
,12/22/2016 18:29,Business,Unknown Location,Unknown Location,23.2,Meeting,4.4,4.2,22.7,32,1.48,Stormy,High,Card,No,Completed,Suburban,Urban,SUV,11,3,50,12,322.4,477.152,10.075,,No,,No,Yes,Yes,No,0,477.152,
,12/22/2016 18:37,Business,Unknown Location,Unknown Location,3.2,Errand/Supplies,4.3,3.2,24.39,29,2.26,Stormy,High,Card,No,Completed,Suburban,Suburban,Auto,3,4,50,12,342.68,774.4568,11.81655172,,No,,No,Yes,Yes,No,0,774.4568,
,12/22/2016 18:47,Business,Unknown Location,Unknown Location,12.3,Temporary Site,3.8,3.2,25.88,100,2.28,Foggy,Low,Card,No,Cancelled by Passenger,Rural,Rural,Auto,1,0,50,12,360.56,822.0768,3.6056,,No,,No,Yes,No,No,0,822.0768,
,12/22/2016 19:50,Business,Unknown Location,Lahore,14,Meeting,3.8,4.8,29.93,14,2.7,Stormy,Medium,Card,No,Cancelled by Passenger,Suburban,Rural,Auto,14,1,50,12,409.16,1104.732,29.22571429,,No,,No,Yes,No,No,0,1104.732,
,12/22/2016 21:53,Business,Lahore,Lahore,2.1,Meal/Entertain,3.8,4.3,8,64,2.48,Foggy,Low,Wallet,No,Cancelled by Passenger,Urban,Rural,SUV,14,3,50,12,146,362.08,2.28125,,No,,No,No,No,No,0,362.08,
,12/22/2016 23:32,Business,Lahore,Lahore,2.1,Customer Visit,3.8,4.7,2.17,46,2.09,Rainy,Low,Cash,No,Cancelled by Passenger,Urban,Rural,Sedan,14,1,50,12,76.04,158.9236,1.653043478,,No,,No,No,No,No,0,158.9236,
,12/23/2016 9:41,Business,Lahore,Lahore,3,Meeting,4.7,4.8,12.92,44,2.31,Stormy,Medium,UPI,Yes,Cancelled by Driver,Suburban,Urban,Auto,6,3,50,12,205.04,473.6424,4.66,,No,,No,No,No,Yes,20.504,453.1384,
,12/23/2016 11:58,Business,Lahore,Unknown Location,6.2,Meeting,4,4.1,4.77,101,1.55,Rainy,Medium,UPI,No,Cancelled by Driver,Rural,Urban,Sedan,3,0,50,12,107.24,166.222,1.061782178,,No,,No,No,No,No,0,166.222,
,12/23/2016 15:25,Business,Unknown Location,Unknown Location,9.6,Meeting,3.6,4,1.65,81,2.19,Clear,Low,Cash,No,Cancelled by Driver,Suburban,Suburban,Mini,1,0,50,12,69.8,152.862,0.861728395,,No,,No,No,No,No,0,152.862,
,12/23/2016 16:34,Business,Unknown Location,Unknown Location,1.3,Errand/Supplies,5,3.9,11.45,109,1.98,Rainy,High,Wallet,Yes,Completed,Urban,Suburban,Sedan,14,3,50,12,187.4,371.052,1.719266055,,No,,No,No,Yes,Yes,18.74,352.312,
,12/23/2016 18:27,Business,Unknown Location,Lahore,7.1,Meal/Entertain,4.8,3.6,23.73,46,1.27,Clear,Low,UPI,No,Cancelled by Passenger,Urban,Suburban,Sedan,13,4,50,12,334.76,425.1452,7.277391304,,No,,No,Yes,No,Yes,0,425.1452,
,12/24/2016 8:04,Business,Lahore,Unknown Location,6.3,Meal/Entertain,4.9,3.9,17.42,51,1.49,Rainy,High,Cash,Yes,Cancelled by Passenger,Rural,Suburban,Sedan,4,0,50,12,259.04,385.9696,5.079215686,,No,,No,Yes,Yes,Yes,25.904,360.0656,
,12/24/2016 9:55,Business,Unknown Location,Lahore,10.7,Meal/Entertain,5,4.5,10.07,41,1.58,Rainy,Low,Wallet,No,Cancelled by Driver,Suburban,Suburban,Sedan,13,0,50,12,170.84,269.9272,4.166829268,,No,,No,No,No,Yes,0,269.9272,
,12/24/2016 10:53,Business,Lahore,Lahore,5.3,Meal/Entertain,3.8,4.2,19.98,84,2.85,Stormy,Medium,UPI,No,Completed,Urban,Rural,Sedan,1,2,50,12,289.76,825.816,3.44952381,,No,,No,Yes,No,No,0,825.816,
,12/24/2016 12:53,Business,Lahore,Lahore,1.6,Errand/Supplies,4.1,4.8,7.73,113,1.46,Rainy,High,Card,Yes,Completed,Urban,Rural,Mini,1,0,50,12,142.76,208.4296,1.263362832,,No,,No,No,Yes,No,14.276,194.1536,
,12/24/2016 13:29,Business,Lahore,Lahore,3.6,Errand/Supplies,4.6,3.9,1.42,26,1.58,Stormy,Medium,Card,No,Completed,Urban,Rural,Mini,12,2,50,12,67.04,105.9232,2.578461538,,No,,No,No,No,Yes,0,105.9232,
,12/24/2016 17:27,Business,Lahore,Lahore,1.7,Errand/Supplies,4.5,4.2,23.17,61,1.74,Stormy,Medium,Wallet,Yes,Cancelled by Driver,Suburban,Suburban,Sedan,2,0,50,12,328.04,570.7896,5.377704918,,No,,No,Yes,No,Yes,32.804,537.9856,
,12/24/2016 19:27,Business,Lahore,Lahore,2.9,Meal/Entertain,3.7,4.3,19.09,88,2.33,Foggy,Medium,Card,No,Completed,Suburban,Rural,Sedan,10,0,50,12,279.08,650.2564,3.171363636,,No,,No,Yes,No,No,0,650.2564,
,12/24/2016 22:09,Business,Lahore,Lahore,0.6,Errand/Supplies,4.7,4.2,23.11,118,1.24,Foggy,Medium,Wallet,No,Completed,Rural,Rural,Auto,8,4,50,12,327.32,405.8768,2.773898305,,No,,No,Yes,No,Yes,0,405.8768,
,12/25/2016 0:14,Business,Lahore,Lahore,0.6,Errand/Supplies,3.8,4.4,2.13,111,2.91,Clear,Medium,Cash,Yes,Completed,Urban,Rural,Mini,2,4,50,12,75.56,219.8796,0.680720721,,No,,No,No,No,No,7.556,212.3236,
,12/25/2016 19:26,Business,Lahore,Lahore,2.3,Meal/Entertain,3.8,3.5,25.28,31,2.73,Rainy,Low,Cash,No,Cancelled by Passenger,Urban,Rural,SUV,11,0,50,12,353.36,964.6728,11.39870968,,No,,No,Yes,No,No,0,964.6728,
,12/25/2016 22:04,Business,Lahore,Lahore,2.3,Meal/Entertain,4.3,4,18.97,45,2.15,Clear,High,UPI,No,Cancelled by Driver,Rural,Urban,Mini,2,3,50,12,277.64,596.926,6.169777778,,No,,No,Yes,Yes,No,0,596.926,
,12/26/2016 8:41,Business,Lahore,Lahore,3.2,Meal/Entertain,4.4,3.2,17.34,84,2.35,Rainy,Low,Wallet,Yes,Cancelled by Passenger,Urban,Suburban,SUV,11,3,50,12,258.08,606.488,3.072380952,,No,,No,Yes,No,No,25.808,580.68,
,12/26/2016 9:19,Business,Lahore,Lahore,6.2,Customer Visit,4.4,3.8,19.11,38,1.03,Foggy,Low,UPI,No,Cancelled by Passenger,Rural,Suburban,Auto,11,0,50,12,279.32,287.6996,7.350526316,,No,,No,Yes,No,No,0,287.6996,
,12/26/2016 10:36,Business,Lahore,Lahore,7.7,Customer Visit,3.6,4,26.07,36,1.68,Foggy,Low,UPI,Yes,Cancelled by Driver,Rural,Urban,Sedan,10,3,50,12,362.84,609.5712,10.07888889,,No,,No,Yes,No,No,36.284,573.2872,
,12/26/2016 11:42,Business,Lahore,Lahore,3.8,Customer Visit,4.8,4.3,18.02,94,2.59,Rainy,Medium,Cash,No,Cancelled by Passenger,Urban,Rural,Auto,10,0,50,12,266.24,689.5616,2.832340426,,No,,No,Yes,No,Yes,0,689.5616,
,12/26/2016 13:43,Business,Lahore,Unknown Location,7.9,Meeting,3.9,4.9,17.85,93,1.15,Rainy,Low,UPI,Yes,Completed,Suburban,Rural,Sedan,8,4,50,12,264.2,303.83,2.840860215,,No,,No,Yes,No,No,26.42,277.41,
,12/27/2016 7:14,Business,Kar?chi,Kar?chi,4.9,Temporary Site,3.7,4.2,29.73,70,1.56,Foggy,High,Card,No,Completed,Suburban,Rural,Mini,12,1,50,12,406.76,634.5456,5.810857143,,No,,No,Yes,Yes,No,0,634.5456,
,12/27/2016 8:59,Business,Kar?chi,Kar?chi,5,Meal/Entertain,4.8,4.5,22.95,16,2.17,Foggy,Low,UPI,Yes,Completed,Suburban,Suburban,Sedan,6,2,50,12,325.4,706.118,20.3375,,No,,No,Yes,No,Yes,32.54,673.578,
,12/27/2016 12:57,Business,Kar?chi,Kar?chi,0.6,Meal/Entertain,4.9,4,13.83,44,1.51,Clear,Medium,Wallet,Yes,Completed,Suburban,Suburban,SUV,12,3,50,12,215.96,326.0996,4.908181818,,No,,No,No,No,Yes,21.596,304.5036,
,12/27/2016 15:03,Business,Kar?chi,Unknown Location,3.1,Customer Visit,4.8,4.3,21.51,77,2.87,Foggy,High,Card,No,Cancelled by Driver,Urban,Suburban,SUV,11,3,50,12,308.12,884.3044,4.001558442,,No,,No,Yes,Yes,Yes,0,884.3044,
,12/27/2016 16:58,Business,Unknown Location,Kar?chi,7.9,Meeting,4.7,3.1,12.29,80,1.26,Rainy,High,Cash,No,Cancelled by Passenger,Rural,Suburban,Auto,4,4,50,12,197.48,248.8248,2.4685,,No,,No,No,Yes,Yes,0,248.8248,
,12/27/2016 19:50,Business,Kar?chi,Kar?chi,5.5,Customer Visit,4.5,3.5,7.64,94,2.59,Clear,High,Wallet,Yes,Cancelled by Passenger,Rural,Suburban,Mini,3,3,50,12,141.68,366.9512,1.507234043,,No,,No,No,Yes,Yes,14.168,352.7832,
,12/28/2016 9:06,Business,Kar?chi,Unknown Location,10.3,Meal/Entertain,4.3,3.7,18.31,77,2.02,Rainy,High,Card,No,Completed,Urban,Urban,SUV,1,0,50,12,269.72,544.8344,3.502857143,,No,,No,Yes,Yes,No,0,544.8344,
,12/28/2016 12:12,Business,Unknown Location,Kar?chi,10.4,Errand/Supplies,3.6,3.9,27.92,14,2.5,Stormy,Low,Wallet,Yes,Completed,Suburban,Suburban,Auto,11,0,50,12,385.04,962.6,27.50285714,,No,,No,Yes,No,No,38.504,924.096,
,12/28/2016 14:01,Business,Kar?chi,Kar?chi,2,Errand/Supplies,4.1,3.1,27.95,100,1.62,Clear,Medium,Card,No,Cancelled by Passenger,Rural,Rural,Mini,3,1,50,12,385.4,624.348,3.854,,No,,No,Yes,No,No,0,624.348,
,12/28/2016 15:39,Business,Kar?chi,Unknown Location,8.5,Meal/Entertain,4.1,3.3,10.92,102,2.03,Rainy,High,Wallet,No,Cancelled by Driver,Urban,Suburban,Mini,12,1,50,12,181.04,367.5112,1.774901961,,No,,No,No,Yes,No,0,367.5112,
,12/28/2016 17:16,Business,Unknown Location,Kar?chi,4.4,Errand/Supplies,3.9,3.6,16.3,52,2.71,Foggy,High,Wallet,Yes,Cancelled by Passenger,Urban,Urban,Auto,14,1,50,12,245.6,665.576,4.723076923,,No,,No,Yes,Yes,No,24.56,641.016,
,12/28/2016 18:56,Business,Kar?chi,Kar?chi,3.8,Errand/Supplies,4.6,4.9,7.14,24,1.93,Stormy,Medium,Card,Yes,Completed,Suburban,Rural,SUV,9,0,50,12,135.68,261.8624,5.653333333,,No,,No,No,No,Yes,13.568,248.2944,
,12/28/2016 23:18,Business,Kar?chi,Kar?chi,5.1,Errand/Supplies,4.2,3.7,29.87,43,1.72,Rainy,Low,Cash,No,Completed,Urban,Urban,SUV,5,1,50,12,408.44,702.5168,9.498604651,,No,,No,Yes,No,No,0,702.5168,
,12/29/2016 1:06,Business,Kar?chi,Kar?chi,3.8,Errand/Supplies,3.6,4,29.45,64,2.07,Clear,High,Cash,No,Cancelled by Driver,Rural,Rural,Auto,13,1,50,12,403.4,835.038,6.303125,,No,,No,Yes,Yes,No,0,835.038,
,12/29/2016 10:07,Business,Kar?chi,Unknown Location,11.6,Meal/Entertain,3.8,3.4,19.84,70,2.43,Rainy,Low,Wallet,No,Cancelled by Passenger,Rural,Suburban,SUV,6,0,50,12,288.08,700.0344,4.115428571,,No,,No,Yes,No,No,0,700.0344,
,12/29/2016 12:00,Business,Unknown Location,Kar?chi,11.9,Meal/Entertain,4.5,4.2,24.33,69,1.89,Stormy,Low,Wallet,No,Cancelled by Driver,Urban,Urban,Auto,5,4,50,12,341.96,646.3044,4.955942029,,No,,No,Yes,No,Yes,0,646.3044,
,12/29/2016 12:33,Business,Kar?chi,Kar?chi,1.4,Errand/Supplies,3.6,3.6,21.74,55,2.88,Clear,Low,Cash,No,Cancelled by Driver,Rural,Rural,SUV,1,3,50,12,310.88,895.3344,5.652363636,,No,,No,Yes,No,No,0,895.3344,
,12/29/2016 13:24,Business,Kar?chi,Kar?chi,1.1,Errand/Supplies,4.8,3.4,18.2,40,1.59,Stormy,Low,Cash,Yes,Completed,Urban,Suburban,SUV,10,2,50,12,268.4,426.756,6.71,,No,,No,Yes,No,Yes,26.84,399.916,
,12/29/2016 14:11,Business,Kar?chi,Kar?chi,4.1,Airport/Travel,4.2,4,2.55,28,1.95,Rainy,High,UPI,No,Cancelled by Passenger,Rural,Rural,Auto,1,0,50,12,80.6,157.17,2.878571429,,No,,No,No,Yes,No,0,157.17,
,12/29/2016 14:58,Business,Kar?chi,Kar?chi,6.1,Between Offices,4.2,3,14.19,31,2.51,Foggy,High,Cash,No,Completed,Suburban,Urban,Auto,4,0,50,12,220.28,552.9028,7.105806452,,No,,No,No,Yes,No,0,552.9028,
,12/29/2016 15:16,Business,Kar?chi,Kar?chi,1.3,Errand/Supplies,4.4,3,20.57,6,2.38,Foggy,Low,Wallet,Yes,Cancelled by Passenger,Rural,Urban,SUV,3,2,50,12,296.84,706.4792,49.47333333,,No,,No,Yes,No,No,29.684,676.7952,
,12/29/2016 19:14,Business,Kar?chi,Unknown Location,3,Meal/Entertain,4.7,3.4,20.65,35,2.73,Rainy,Low,Card,Yes,Completed,Suburban,Urban,Auto,11,2,50,12,297.8,812.994,8.508571429,,No,,No,Yes,No,Yes,29.78,783.214,
,12/29/2016 20:10,Business,Unknown Location,Kar?chi,4.1,Customer Visit,4,3.1,11.82,61,2.99,Rainy,Medium,Cash,Yes,Completed,Suburban,Urban,SUV,8,1,50,12,191.84,573.6016,3.144918033,,No,,No,No,No,No,19.184,554.4176,
,12/29/2016 20:45,Business,Kar?chi,Kar?chi,7.2,Meeting,4.5,3.2,28.31,82,1.85,Rainy,Medium,UPI,No,Cancelled by Passenger,Urban,Suburban,Sedan,12,2,50,12,389.72,720.982,4.752682927,,No,,No,Yes,No,Yes,0,720.982,
,12/29/2016 21:42,Business,Kar?chi,Unknown Location,6.4,,4.3,3.7,5.85,70,1.22,Clear,Medium,UPI,Yes,Cancelled by Passenger,Suburban,Rural,Mini,12,3,50,12,120.2,146.644,1.717142857,,No,,No,No,No,No,12.02,134.624,
,12/29/2016 23:47,Business,Unknown Location,Kar?chi,12.9,Meeting,3.9,4.6,15.51,33,1.06,Stormy,High,UPI,Yes,Completed,Rural,Suburban,Mini,7,3,50,12,236.12,250.2872,7.155151515,,No,,No,Yes,Yes,No,23.612,226.6752,
,12/30/2016 10:33,Business,Kar?chi,Kar?chi,2.8,Errand/Supplies,4.8,4.1,21.04,19,2.45,Stormy,Medium,Card,Yes,Cancelled by Passenger,Rural,Urban,SUV,11,3,50,12,302.48,741.076,15.92,,No,,No,Yes,No,Yes,30.248,710.828,
,12/30/2016 11:56,Business,Kar?chi,Kar?chi,2.9,Errand/Supplies,4.7,4,21.22,16,2.75,Stormy,High,Cash,Yes,Completed,Suburban,Rural,Mini,7,3,50,12,304.64,837.76,19.04,,No,,No,Yes,Yes,Yes,30.464,807.296,
,12/30/2016 16:03,Business,Kar?chi,Kar?chi,4.6,Errand/Supplies,4.5,3.6,19.81,105,1.44,Rainy,High,Cash,No,Cancelled by Passenger,Urban,Urban,SUV,8,3,50,12,287.72,414.3168,2.740190476,,No,,No,Yes,Yes,Yes,0,414.3168,
,12/30/2016 17:08,Business,Kar?chi,Kar?chi,4.6,Meeting,4.8,4.9,8.98,32,1.32,Stormy,High,Cash,No,Completed,Suburban,Suburban,Auto,14,1,50,12,157.76,208.2432,4.93,,No,,No,No,Yes,Yes,0,208.2432,
,12/30/2016 23:10,Business,Kar?chi,Kar?chi,0.8,Customer Visit,4.8,3.8,5.53,88,1.12,Rainy,High,Card,No,Completed,Rural,Suburban,Sedan,10,0,50,12,116.36,130.3232,1.322272727,,No,,No,No,Yes,Yes,0,130.3232,
,12/31/2016 1:14,Business,Kar?chi,Kar?chi,0.7,Meeting,4.6,3.2,19.44,107,2.65,Clear,Medium,Card,Yes,Completed,Rural,Suburban,Mini,7,2,50,12,283.28,750.692,2.647476636,,No,,No,Yes,No,Yes,28.328,722.364,
,12/31/2016 13:42,Business,Kar?chi,Unknown Location,3.9,Temporary Site,4.8,4.2,18.38,28,1.62,Foggy,Low,Wallet,Yes,Cancelled by Driver,Suburban,Rural,Mini,10,0,50,12,270.56,438.3072,9.662857143,,No,,No,Yes,No,Yes,27.056,411.2512,
,12/31/2016 15:38,Business,Unknown Location,Unknown Location,16.2,Meeting,4.5,3.2,6.2,25,1.8,Rainy,Low,UPI,Yes,Cancelled by Passenger,Suburban,Rural,Auto,2,2,50,12,124.4,223.92,4.976,,No,,No,No,No,Yes,12.44,211.48,
,12/31/2016 21:50,Business,Katunayake,Gampaha,6.4,Temporary Site,4.5,3.7,21.45,14,2.01,Rainy,Low,UPI,Yes,Completed,Suburban,Urban,Sedan,4,1,50,12,307.4,617.874,21.95714286,,No,,No,Yes,No,Yes,30.74,587.134,
,12/31/2016 23:51,Business,Gampaha,Ilukwatta,48.2,Temporary Site,4.4,4,14.2,114,2.68,Foggy,Medium,Cash,Yes,Cancelled by Driver,Rural,Rural,Sedan,11,1,50,12,220.4,590.672,1.933333333,,No,,No,No,No,No,22.04,568.632,
,,,,,12204.7,,4.6,4.7,20.37,82,2.3,Foggy,Low,Card,Yes,Completed,Rural,Rural,Sedan,6,4,50,12,294.44,677.212,3.590731707,,No,,No,Yes,No,Yes,29.444,647.768,
